"","in_concept"
"alumno/n/arg_g0333/56207",1
"alumno/n/arg_g1255/13329",1
"alumno/n/arg_g0089/30340",1
"alumno/n/arg_g1255/14328",1
"alumno/n/arg_g1633/20024",1
"alumno/n/arg_g0980/42972",1
"alumno/n/arg_g0450/12800",1
"alumno/n/arg_g1483/48925",1
"alumno/n/arg_g0259/11371",1
"alumno/n/arg_g0283/19013",1
"alumno/n/arg_b0453/41443",1
"alumno/n/arg_b0116/48289",1
"alumno/n/arg_b1237/56843",1
"alumno/n/arg_b0886/50637",1
"alumno/n/arg_b0811/22146",1
"alumno/n/arg_b1377/28711",1
"alumno/n/arg_b0857/59492",1
"alumno/n/arg_b0097/48231",1
"alumno/n/arg_b1082/24210",1
"alumna/n/arg_b0737/2241",1
"alumno/n/col_g0767/27917",1
"alumno/n/col_g1232/9419",1
"alumno/n/col_g0509/3520",1
"alumna/n/col_g0263/25857",1
"alumno/n/col_g0749/1468",1
"alumno/n/col_g0767/44924",1
"alumno/n/col_g0192/34852",1
"alumno/n/col_g1436/6363",1
"alumno/n/col_g0599/42522",1
"alumno/n/col_g1445/30373",1
"alumno/n/col_b0680/39894",1
"alumno/n/col_b0012/19150",1
"alumno/n/col_b0335/55346",1
"alumno/n/col_b1100/40393",1
"alumno/n/col_b1284/8158",1
"alumno/n/col_b0308/46884",1
"alumno/n/col_b1435/33905",1
"alumno/n/col_b1504/56263",1
"alumno/n/col_b1616/2054",1
"alumno/n/col_b1100/48852",1
"alumno/n/mex_g1348/56859",1
"alumno/n/mex_g1949/2665",1
"alumno/n/mex_g0766/37341",1
"alumno/n/mex_g1403/3952",1
"alumno/n/mex_g2483/13600",1
"alumno/n/mex_g1526/17701",1
"alumna/n/mex_g1186/34457",1
"alumno/n/mex_g1611/10415",1
"alumno/n/mex_g2442/4116",1
"alumno/n/mex_g1960/41861",1
"alumno/n/mex_b0651/1458",1
"alumno/n/mex_b1279/36961",1
"alumno/n/mex_b1045/22613",1
"alumno/n/mex_b1615/31269",1
"alumno/n/mex_b0428/19137",1
"alumno/n/mex_b1562/32134",1
"alumno/n/mex_b0159/30854",1
"alumno/n/mex_b0207/11124",1
"alumno/n/mex_b0723/25077",1
"alumno/n/mex_b0723/24864",1
"alumno/n/per_g0351/13335",1
"alumno/n/per_g0232/16499",1
"alumno/n/per_g0232/20125",1
"alumna/n/per_g0054/41855",1
"alumno/n/per_g0367/37982",1
"alumno/n/per_g0495/14955",1
"alumno/n/per_g0193/19973",1
"alumno/n/per_g0406/36497",1
"alumno/n/per_g0246/13529",1
"alumno/n/per_g0193/22620",1
"alumno/n/per_b0917/19985",1
"alumno/n/per_b0746/28065",1
"alumno/n/per_b0490/5774",1
"alumno/n/per_b0070/23207",1
"alumno/n/per_b1159/26132",1
"alumno/n/per_b0357/33695",1
"alumno/n/per_b0832/19854",1
"alumno/n/per_b1048/27475",1
"alumno/n/per_b0586/44365",1
"alumno/n/per_b1192/55412",1
"alumno/n/spa_g0198/4191",1
"alumno/n/spa_g3468/6772",1
"alumno/n/spa_g2379/19855",1
"alumno/n/spa_g3272/46411",1
"alumno/n/spa_g0950/55933",1
"alumno/n/spa_g3566/22533",1
"alumno/n/spa_g1153/29463",1
"alumno/n/spa_g1271/59118",1
"alumno/n/spa_g0348/57047",1
"alumno/n/spa_g3468/8099",1
"alumno/n/spa_b1338/57345",1
"alumno/n/spa_b3489/59122",1
"alumno/n/spa_b2826/38290",1
"alumno/n/spa_b2561/27251",1
"alumno/n/spa_b1887/57059",1
"alumno/n/spa_b2472/13976",1
"alumno/n/spa_b4392/55589",1
"alumno/n/spa_b1519/16518",1
"alumno/n/spa_b0179/17324",1
"alumno/n/spa_b1759/42106",1
"alumno/n/usa_g0197/28229",1
"alumno/n/usa_g1634/50827",1
"alumno/n/usa_g0849/6617",1
"alumno/n/usa_g0625/47328",1
"alumno/n/usa_g0673/27145",1
"alumno/n/usa_g0608/136",1
"alumno/n/usa_g0006/56696",1
"alumna/n/usa_g0928/8242",1
"alumno/n/usa_g1025/12091",1
"alumno/n/usa_g0633/5744",1
"alumno/n/usa_b0881/39296",1
"alumno/n/usa_b1398/28891",1
"alumno/n/usa_b0146/5823",1
"alumno/n/usa_b1298/1640",1
"alumno/n/usa_b0480/12970",1
"alumna/n/usa_b0560/8294",1
"alumno/n/usa_b0519/23189",1
"alumno/n/usa_b0351/29563",1
"alumno/n/usa_b0146/720",1
"alumno/n/usa_b0560/2907",1
"estudiante/n/arg_g1183/53488",1
"estudiante/n/arg_g0598/9719",1
"estudiante/n/arg_g1654/58836",1
"estudiante/n/arg_g1152/2511",1
"estudiante/n/arg_g0971/48060",1
"estudiante/n/arg_g1274/22042",1
"estudiante/n/arg_g1549/17743",1
"estudiante/n/arg_g0825/23854",1
"estudiante/n/arg_g1438/39929",1
"estudiante/n/arg_b0267/19364",1
"estudiante/n/arg_b0121/45310",1
"estudiante/n/arg_b1269/9991",1
"estudiante/n/arg_b0043/7655",1
"estudiante/n/arg_b0631/47142",1
"estudiante/n/arg_b0461/52892",1
"estudiante/n/arg_b0203/29319",1
"estudiante/n/arg_b0632/32254",1
"estudiante/n/arg_b0836/41038",1
"estudiante/n/col_g1118/35883",1
"estudiante/n/col_g0574/36827",1
"estudiante/n/col_g0032/44443",1
"estudiante/n/col_g0473/12404",1
"estudiante/n/col_g0509/39367",1
"estudiante/n/col_g0272/3257",1
"estudiante/n/col_g1351/16179",1
"estudiante/n/col_g0040/12435",1
"estudiante/n/col_g0997/14753",1
"estudiante/n/col_g1351/15200",1
"estudiante/n/col_b1257/5468",1
"estudiante/n/col_b1424/53946",1
"estudiante/n/col_b0369/8377",1
"estudiante/n/col_b0420/8323",1
"estudiante/n/col_b1026/1356",1
"estudiante/n/col_b0796/45591",1
"estudiante/n/col_b0373/29434",1
"estudiante/n/col_b1291/13229",1
"estudiante/n/col_b0383/38139",1
"estudiante/n/col_b0160/46938",1
"estudiante/n/mex_g1585/46422",1
"estudiante/n/mex_g0126/43130",1
"estudiante/n/mex_g0086/58058",1
"estudiante/n/mex_g0687/49790",1
"estudiante/n/mex_g0680/17988",1
"estudiante/n/mex_g1069/16863",1
"estudiante/n/mex_g1239/22077",1
"estudiante/n/mex_g1069/44570",1
"estudiante/n/mex_g1526/8764",1
"estudiante/n/mex_g2168/21245",1
"estudiante/n/mex_b2183/54162",1
"estudiante/n/mex_b0230/39648",1
"estudiante/n/mex_b2249/55988",1
"estudiante/n/mex_b2165/28160",1
"estudiante/n/mex_b0199/22001",1
"estudiante/n/mex_b2249/30351",1
"estudiante/n/mex_b2122/23985",1
"estudiante/n/mex_b2195/18739",1
"estudiante/n/mex_b0763/54412",1
"estudiante/n/mex_b1517/36014",1
"estudiante/n/per_g0276/54167",1
"estudiante/n/per_g0883/46555",1
"estudiante/n/per_g0439/43297",1
"estudiante/n/per_g0028/28598",1
"estudiante/n/per_g0447/55153",1
"estudiante/n/per_g0577/45007",1
"estudiante/n/per_g0794/44667",1
"estudiante/n/per_g0451/24845",1
"estudiante/n/per_g0498/446",1
"estudiante/n/per_g0432/46291",1
"estudiante/n/per_b0727/29464",1
"estudiante/n/per_b1232/10377",1
"estudiante/n/per_b0278/35828",1
"estudiante/n/per_b0956/34929",1
"estudiante/n/per_b0688/19477",1
"estudiante/n/per_b0123/20556",1
"estudiante/n/per_b0739/57055",1
"estudiante/n/per_b0680/649",1
"estudiante/n/per_b0637/17351",1
"estudiante/n/per_b0719/24063",1
"estudiante/n/spa_g1185/41949",1
"estudiante/n/spa_g2923/19091",1
"estudiante/n/spa_g1216/39677",1
"estudiante/n/spa_g1010/9464",1
"estudiante/n/spa_g1039/24596",1
"estudiante/n/spa_g2405/4697",1
"estudiante/n/spa_g2263/33128",1
"estudiante/n/spa_g1188/24178",1
"estudiante/n/spa_g3060/13118",1
"estudiante/n/spa_g2830/22531",1
"estudiante/n/spa_b1338/42966",1
"estudiante/n/spa_b2313/35164",1
"estudiante/n/spa_b1558/54996",1
"estudiante/n/spa_b1493/26",1
"estudiante/n/spa_b1786/40013",1
"estudiante/n/spa_b3975/3428",1
"estudiante/n/spa_b2071/17362",1
"estudiante/n/spa_b1070/4938",1
"estudiante/n/spa_b0148/23004",1
"estudiante/n/spa_b2458/5742",1
"estudiante/n/usa_g0970/32241",1
"estudiante/n/usa_g0604/17203",1
"estudiante/n/usa_g1634/22332",1
"estudiante/n/usa_g0495/25446",1
"estudiante/n/usa_g0986/48333",1
"estudiante/n/usa_g0893/27585",1
"estudiante/n/usa_g0183/31553",1
"estudiante/n/usa_g0513/20504",1
"estudiante/n/usa_g1651/16731",1
"estudiante/n/usa_g0147/38654",1
"estudiante/n/usa_b1496/40556",1
"estudiante/n/usa_b1411/7994",1
"estudiante/n/usa_b1428/8972",1
"estudiante/n/usa_b0059/26881",1
"estudiante/n/usa_b0320/18920",1
"estudiante/n/usa_b0224/44394",1
"estudiante/n/usa_b1224/12038",1
"estudiante/n/usa_b0798/24452",1
"estudiante/n/usa_b0105/51187",1
"estudiante/n/usa_b0989/40255",1
"estudiante/n/arg_g0080/34617",0
"estudiante/n/arg_b0840/8843",0
"boludez/n/arg_g0109/38545",1
"boludez/n/arg_b0646/26795",1
"boludez/n/arg_g0714/60012",1
"boludez/n/arg_g0317/45858",1
"boludez/n/arg_b0115/30815",1
"boludez/n/arg_b0803/14649",1
"boludez/n/arg_g0155/39208",1
"boludez/n/arg_g0506/10010",1
"boludez/n/arg_b0428/24006",1
"boludez/n/arg_b1377/14562",1
"boludez/n/arg_g0104/23984",1
"boludez/n/arg_g0714/73857",1
"boludez/n/arg_b1212/14498",1
"boludez/n/arg_g1391/57611",1
"boludez/n/arg_g0285/17845",1
"boludez/n/arg_b0076/30892",1
"boludez/n/arg_g0714/8915",1
"boludez/n/arg_g0896/16051",1
"boludez/n/arg_b1215/41055",1
"boludez/n/arg_b1292/10108",1
"boludez/n/arg_b1252/28392",1
"boludez/n/arg_b1163/8257",1
"boludez/n/arg_g0266/16836",1
"boludez/n/arg_g0522/28058",1
"boludez/n/arg_b0503/55807",1
"boludez/n/arg_g1692/35112",1
"boludez/n/arg_b1302/31953",1
"boludez/n/arg_b0849/39940",1
"boludez/n/arg_g1152/25296",1
"boludez/n/arg_b0479/42050",1
"boludez/n/arg_g1763/1220",1
"boludez/n/arg_b0910/52777",1
"boludez/n/arg_g0659/4506",1
"boludez/n/arg_b0137/37824",1
"boludez/n/arg_b0477/11366",1
"boludez/n/col_g0169/43845",1
"boludez/n/col_g0370/8750",1
"boludez/n/col_g0236/36838",1
"boludez/n/col_b0849/60118",1
"boludez/n/col_g0236/34531",1
"boludez/n/mex_g0015/10035",1
"boludez/n/mex_g0238/55827",1
"boludez/n/mex_b1263/24649",1
"boludez/n/mex_g2214/3189",1
"boludez/n/per_b0653/45715",1
"boludez/n/per_b0294/2252",1
"boludez/n/per_g0412/31554",1
"boludez/n/per_b0360/35334",1
"boludez/n/per_b1124/48252",1
"boludez/n/per_g0870/44008",1
"boludez/n/per_g0653/39151",1
"boludez/n/spa_g3077/27669",1
"boludez/n/spa_b0712/23372",1
"boludez/n/spa_b2113/1286",1
"boludez/n/usa_b1374/24207",1
"boludez/n/usa_b0989/1994",1
"boludez/n/usa_b0968/31184",1
"boludez/n/usa_g1268/17176",1
"boludez/n/usa_b0798/27746",1
"boludez/n/usa_b1419/24754",1
"boludez/n/usa_g0904/8089",1
"boludez/n/usa_b0320/40318",1
"boludez/n/usa_b0803/25288",1
"boludez/n/usa_b0620/37197",1
"boludez/n/usa_b1023/40107",1
"boludez/n/usa_b0968/32069",1
"boludez/n/usa_g0383/56124",1
"boludez/n/usa_b0706/9385",1
"boludez/n/usa_g0777/48209",1
"boludez/n/usa_g1617/11828",1
"boludez/n/arg_b1524/6342",0
"boludez/n/mex_b1486/43608",0
"boludez/n/mex_b2074/33451",0
"boludez/n/mex_b2279/32125",0
"boludez/n/per_b0586/52157",0
"boludez/n/usa_b1419/25106",0
"boludez/n/usa_b0521/54784",0
"boludez/n/usa_b0706/21721",0
"boludez/n/usa_g1679/56318",0
"boludez/n/usa_g0244/22529",0
"boludez/n/usa_g1352/54474",0
"pavada/n/arg_b0300/5978",1
"pavada/n/arg_b0577/54276",1
"pavada/n/arg_b1179/55977",1
"pavada/n/arg_g1632/37189",1
"pavada/n/arg_b0348/6492",1
"pavada/n/arg_b0847/35366",1
"pavada/n/arg_g1692/15645",1
"pavada/n/arg_g1631/7300",1
"pavada/n/arg_g0368/30897",1
"pavada/n/arg_b1342/35588",1
"pavada/n/arg_b1370/49852",1
"pavada/n/arg_b0410/4062",1
"pavada/n/arg_g1692/15643",1
"pavada/n/arg_g1318/45365",1
"pavada/n/arg_b1158/30365",1
"pavada/n/arg_g0104/74111",1
"pavada/n/arg_b0910/45498",1
"pavada/n/arg_b0398/5524",1
"pavada/n/arg_b0094/59864",1
"pavada/n/arg_g0714/56759",1
"pavada/n/arg_g0129/26020",1
"pavada/n/arg_b0053/34149",1
"pavada/n/arg_g1130/54961",1
"pavada/n/arg_b1112/47689",1
"pavada/n/arg_g1447/46323",1
"pavada/n/arg_g1318/45768",1
"pavada/n/arg_g1226/56695",1
"pavada/n/arg_g0103/13981",1
"pavada/n/arg_g1692/15641",1
"pavada/n/arg_b0082/8959",1
"pavada/n/arg_b0394/34587",1
"pavada/n/arg_g1694/47901",1
"pavada/n/arg_b0313/41453",1
"pavada/n/arg_b1265/37106",1
"pavada/n/arg_b0286/48676",1
"pavada/n/arg_g1603/3340",1
"pavada/n/col_g0647/56136",1
"pavada/n/col_g0828/4135",1
"pavada/n/col_g0538/2587",1
"pavada/n/col_b1170/49811",1
"pavada/n/col_b0870/33202",1
"pavada/n/mex_b1351/40904",1
"pavada/n/mex_b1731/49228",1
"pavada/n/mex_g1766/762",1
"pavada/n/mex_g2465/25542",1
"pavada/n/mex_b0593/49132",1
"pavada/n/mex_b0410/15429",1
"pavada/n/mex_b1803/7129",1
"pavada/n/mex_b1644/37789",1
"pavada/n/mex_b0593/49168",1
"pavada/n/mex_b1486/43007",1
"pavada/n/mex_g2219/14870",1
"pavada/n/mex_g1717/8932",1
"pavada/n/mex_b2124/11484",1
"pavada/n/mex_g0748/31661",1
"pavada/n/per_b0474/4133",1
"pavada/n/per_b1124/49263",1
"pavada/n/per_b0841/57482",1
"pavada/n/per_b1242/14058",1
"pavada/n/per_b0234/53422",1
"pavada/n/per_g0802/37048",1
"pavada/n/per_b0666/19061",1
"pavada/n/per_b1209/114261",1
"pavada/n/per_b0051/7892",1
"pavada/n/per_b0975/54962",1
"pavada/n/per_b0886/82293",1
"pavada/n/per_g0815/50368",1
"pavada/n/per_b1209/10965",1
"pavada/n/per_b0503/43611",1
"pavada/n/per_b1209/54756",1
"pavada/n/per_g0529/46166",1
"pavada/n/spa_b2889/15627",1
"pavada/n/spa_b3411/13009",1
"pavada/n/spa_g1354/27849",1
"pavada/n/spa_g0233/54535",1
"pavada/n/spa_b3145/25008",1
"pavada/n/spa_b1916/15657",1
"pavada/n/spa_g0233/54628",1
"pavada/n/spa_b2321/18506",1
"pavada/n/spa_g2285/39108",1
"pavada/n/usa_b0826/28751",1
"pavada/n/usa_b0943/24338",1
"pavada/n/usa_b0766/48985",1
"pavada/n/usa_g0350/2658",1
"pavada/n/usa_g0789/12900",1
"pavada/n/usa_b0656/25980",1
"pavada/n/usa_b1367/45666",1
"pavada/n/usa_g0561/14795",1
"pavada/n/usa_b1366/9525",1
"pavada/n/usa_b0291/29687",1
"pavada/n/usa_b0826/28903",1
"pavada/n/usa_b0942/55979",1
"pavada/n/usa_b1347/23198",1
"pavada/n/usa_b0291/893",1
"pavada/n/usa_b0013/55116",1
"pavada/n/arg_b0254/9267",0
"pavada/n/col_g1464/41058",0
"pavada/n/mex_b2237/17668",0
"pavada/n/usa_g0183/46010",0
"pavada/n/usa_b0500/43764",0
"pavada/n/usa_b1347/23180",0
"esposo/n/arg_g1729/736",1
"esposo/n/arg_g0155/26092",1
"esposo/n/arg_g0084/5279",1
"esposo/n/arg_b0753/27527",1
"esposo/n/arg_b0137/28568",1
"esposo/n/arg_g0579/34782",1
"esposo/n/arg_b0095/59364",1
"esposo/n/arg_b0536/56709",1
"esposo/n/arg_b0008/31271",1
"esposo/n/arg_b0530/47057",1
"esposo/n/arg_b0631/31927",1
"esposo/n/arg_b1481/22926",1
"esposo/n/arg_g0313/13144",1
"esposo/n/arg_b1127/26970",1
"esposo/n/arg_g0398/11588",1
"esposo/n/arg_b1561/52395",1
"esposo/n/arg_g0354/39830",1
"esposo/n/arg_g0089/6729",1
"esposo/n/arg_g0300/56836",1
"esposo/n/arg_b1139/30841",1
"esposo/n/arg_g0103/7822",1
"esposo/n/arg_g0638/16506",1
"esposo/n/arg_g1503/5378",1
"esposo/n/arg_g0770/43839",1
"esposo/n/arg_b0493/44414",1
"esposo/n/arg_b0522/40643",1
"esposo/n/col_b0141/54768",1
"esposo/n/col_g0420/47819",1
"esposo/n/col_b0674/53297",1
"esposo/n/col_b1563/20757",1
"esposo/n/col_b0278/5296",1
"esposo/n/col_g0219/49142",1
"esposo/n/col_b1516/34396",1
"esposo/n/col_g0662/56691",1
"esposo/n/col_b0022/36114",1
"esposo/n/col_g0272/28230",1
"esposo/n/col_g0456/25188",1
"esposo/n/col_g0923/10627",1
"esposo/n/col_g0456/21373",1
"esposo/n/col_b0870/24961",1
"esposo/n/col_g0929/2717",1
"esposo/n/col_b0722/41524",1
"esposo/n/col_b0035/32009",1
"esposo/n/col_g1058/29509",1
"esposo/n/col_g1479/8216",1
"esposo/n/col_g1064/6765",1
"esposo/n/col_b1162/56640",1
"esposo/n/col_g0291/1490",1
"esposo/n/col_g0033/55233",1
"esposo/n/col_g0578/8758",1
"esposo/n/col_b1419/29034",1
"esposo/n/col_b0173/54363",1
"esposo/n/col_b0318/57316",1
"esposo/n/col_b0543/47380",1
"esposo/n/mex_b1371/8473",1
"esposo/n/mex_b0005/12875",1
"esposo/n/mex_g0607/46972",1
"esposo/n/mex_b1174/2337",1
"esposo/n/mex_b0738/31610",1
"esposo/n/mex_b0596/30787",1
"esposo/n/mex_g0099/43953",1
"esposo/n/mex_g1781/20139",1
"esposo/n/mex_b2081/25941",1
"esposo/n/mex_g0193/25509",1
"esposo/n/mex_b2264/26392",1
"esposo/n/mex_g1988/8544",1
"esposo/n/mex_b1658/45276",1
"esposo/n/mex_b1647/31696",1
"esposo/n/mex_g0177/31011",1
"esposo/n/mex_b2183/41718",1
"esposo/n/mex_g1165/3278",1
"esposo/n/mex_g0692/55824",1
"esposo/n/mex_b1966/37429",1
"esposo/n/mex_b0005/12733",1
"esposo/n/mex_g2311/54960",1
"esposo/n/mex_g1165/15419",1
"esposo/n/mex_b1035/39839",1
"esposo/n/mex_b1787/10181",1
"esposo/n/mex_b2264/27639",1
"esposo/n/mex_b1523/36303",1
"esposo/n/mex_b0060/18029",1
"esposo/n/mex_g1988/18794",1
"esposo/n/mex_g2117/20917",1
"esposo/n/mex_g1623/13648",1
"esposo/n/mex_g0256/30246",1
"esposo/n/mex_g0397/47849",1
"esposo/n/per_g0133/43518",1
"esposo/n/per_g0477/8737",1
"esposo/n/per_b0886/69800",1
"esposo/n/per_g0569/34948",1
"esposo/n/per_b0786/44098",1
"esposo/n/per_g0101/2526",1
"esposo/n/per_g0157/26380",1
"esposo/n/per_b0890/39712",1
"esposo/n/per_g0064/20952",1
"esposo/n/per_b1159/26542",1
"esposo/n/per_b0489/48714",1
"esposo/n/per_g0709/29237",1
"esposo/n/per_b0402/5968",1
"esposo/n/per_g0280/2481",1
"esposo/n/per_g0122/9505",1
"esposo/n/per_b0418/21865",1
"esposo/n/per_b0411/8957",1
"esposo/n/per_g0024/38440",1
"esposo/n/per_g0085/39425",1
"esposo/n/per_b1202/25385",1
"esposo/n/per_b0815/8118",1
"esposo/n/per_g0422/13271",1
"esposo/n/per_b0009/16612",1
"esposo/n/per_g0490/1701",1
"esposo/n/per_b0134/17520",1
"esposo/n/per_b0035/32812",1
"esposo/n/per_b0450/24588",1
"esposo/n/per_g0251/58172",1
"esposo/n/per_b0288/9988",1
"esposo/n/per_g0844/51328",1
"esposo/n/spa_g2125/1303",1
"esposo/n/spa_b1578/28155",1
"esposo/n/spa_b3709/32663",1
"esposo/n/spa_b2434/25261",1
"esposo/n/spa_b2018/40335",1
"esposo/n/spa_g1604/50164",1
"esposo/n/spa_b1687/35244",1
"esposo/n/spa_g0033/13344",1
"esposo/n/spa_g2826/23587",1
"esposo/n/spa_b0202/58780",1
"esposo/n/spa_b2833/21414",1
"esposo/n/spa_g0110/26665",1
"esposo/n/spa_b2816/2924",1
"esposo/n/spa_b3772/25443",1
"esposo/n/spa_b2782/58216",1
"esposo/n/spa_b0238/8469",1
"esposo/n/spa_b1495/15306",1
"esposo/n/spa_b2321/6085",1
"esposo/n/spa_g1850/17142",1
"esposo/n/spa_b2075/5078",1
"esposo/n/spa_g0692/44167",1
"esposo/n/spa_b2075/22243",1
"esposo/n/spa_g1604/39538",1
"esposo/n/spa_b4279/14265",1
"esposo/n/spa_g3161/25397",1
"esposo/n/spa_b4211/25650",1
"esposo/n/spa_g2207/53204",1
"esposo/n/spa_g2476/28257",1
"esposo/n/spa_g3603/21063",1
"esposo/n/spa_g2298/26901",1
"esposo/n/spa_g2180/12981",1
"esposo/n/spa_b2321/14158",1
"esposo/n/usa_g0097/39081",1
"esposo/n/usa_g1325/9917",1
"esposo/n/usa_g1581/874",1
"esposo/n/usa_g1335/38143",1
"esposo/n/usa_g0338/13644",1
"esposo/n/usa_b0108/17314",1
"esposo/n/usa_b0422/6522",1
"esposo/n/usa_g0933/45531",1
"esposo/n/usa_g1017/51184",1
"esposo/n/usa_g0039/274",1
"esposo/n/usa_b0013/27450",1
"esposo/n/usa_g1063/92572",1
"esposo/n/usa_b0846/5458",1
"esposo/n/usa_b0929/9925",1
"esposo/n/usa_b1295/43047",1
"esposo/n/usa_b0146/2515",1
"esposo/n/usa_g1540/35558",1
"esposo/n/usa_b0553/22408",1
"esposo/n/usa_b1520/13195",1
"esposo/n/usa_g0621/59871",1
"esposo/n/arg_g0965/14662",0
"esposo/n/arg_g1255/16194",0
"esposo/n/arg_g0518/17185",0
"esposo/n/arg_b1257/20938",0
"esposo/n/arg_g1504/32167",0
"esposo/n/arg_b0696/48507",0
"esposo/n/arg_g0977/18336",0
"esposo/n/arg_b0028/57079",0
"esposo/n/arg_b0373/46956",0
"esposo/n/arg_b1072/8062",0
"esposo/n/col_g0509/31720",0
"esposo/n/col_b0656/48035",0
"esposo/n/col_b1502/29921",0
"esposo/n/col_g0837/8705",0
"esposo/n/col_b0609/11221",0
"esposo/n/col_g1170/42835",0
"esposo/n/col_g1183/55045",0
"esposo/n/col_g0818/36545",0
"esposo/n/col_b0160/30309",0
"esposo/n/col_b1467/45592",0
"esposo/n/col_g0361/24551",0
"esposo/n/col_b0543/22783",0
"esposo/n/mex_b1660/11721",0
"esposo/n/mex_g0027/15577",0
"esposo/n/mex_g1568/40413",0
"esposo/n/mex_b0762/38657",0
"esposo/n/mex_g0367/7786",0
"esposo/n/mex_b0390/2064",0
"esposo/n/mex_g0830/56160",0
"esposo/n/mex_g1535/13872",0
"esposo/n/per_b0905/30039",0
"esposo/n/per_g0284/30398",0
"esposo/n/per_b0833/38767",0
"esposo/n/per_b1174/6506",0
"esposo/n/per_b0517/47606",0
"esposo/n/per_g0307/26470",0
"esposo/n/per_g0778/6688",0
"esposo/n/per_g0237/32506",0
"esposo/n/per_b0716/57382",0
"esposo/n/per_g0212/17539",0
"esposo/n/spa_g0538/19105",0
"esposo/n/spa_g1404/36429",0
"esposo/n/spa_b0095/33562",0
"esposo/n/spa_g1032/29084",0
"esposo/n/spa_g1351/23057",0
"esposo/n/spa_g3441/50403",0
"esposo/n/spa_g1179/13991",0
"esposo/n/spa_b0524/21769",0
"esposo/n/usa_g0738/17182",0
"esposo/n/usa_g1683/39611",0
"esposo/n/usa_b1460/40753",0
"esposo/n/usa_b0067/30330",0
"esposo/n/usa_b1320/57924",0
"esposo/n/usa_g1433/16604",0
"esposo/n/usa_b0102/16242",0
"esposo/n/usa_g0248/99011",0
"esposo/n/usa_b1178/16791",0
"esposo/n/usa_b1042/41474",0
"esposo/n/usa_g0883/18203",0
"esposo/n/usa_b1517/10567",0
"esposo/n/usa_g0011/34876",0
"esposo/n/usa_g0620/28354",0
"esposo/n/usa_b0410/52129",0
"esposo/n/usa_b0968/42120",0
"esposo/n/usa_g0941/33620",0
"esposo/n/usa_g1304/20624",0
"marido/n/arg_g1140/46320",1
"marido/n/arg_g0089/3046",1
"marido/n/arg_g0965/53673",1
"marido/n/arg_g1654/3808",1
"marido/n/arg_g0518/13999",1
"marido/n/arg_g0283/71671",1
"marido/n/arg_g1616/46478",1
"marido/n/arg_g1751/44719",1
"marido/n/arg_g0283/17950",1
"marido/n/arg_g1570/49653",1
"marido/n/arg_b0360/54384",1
"marido/n/arg_b1116/45122",1
"marido/n/arg_b0553/44790",1
"marido/n/arg_b0430/36316",1
"marido/n/arg_b1531/10832",1
"marido/n/arg_b1044/37190",1
"marido/n/arg_b1515/13575",1
"marido/n/arg_b0630/2124",1
"marido/n/arg_b0630/934",1
"marido/n/arg_b0306/26337",1
"marido/n/col_g1306/11332",1
"marido/n/col_g1417/23944",1
"marido/n/col_g1380/33451",1
"marido/n/col_g0958/41763",1
"marido/n/col_g0513/31383",1
"marido/n/col_g0965/1946",1
"marido/n/col_g0697/49839",1
"marido/n/col_g0945/4931",1
"marido/n/col_g0705/7165",1
"marido/n/col_g0837/18689",1
"marido/n/col_b0698/59249",1
"marido/n/col_b0160/52158",1
"marido/n/col_b0160/9390",1
"marido/n/col_b1587/35035",1
"marido/n/col_b1097/9588",1
"marido/n/col_b1111/49016",1
"marido/n/col_b0762/3877",1
"marido/n/col_b0018/50451",1
"marido/n/col_b0833/29181",1
"marido/n/col_b0698/55590",1
"marido/n/mex_g1165/4488",1
"marido/n/mex_g1629/20636",1
"marido/n/mex_g2170/22147",1
"marido/n/mex_g0464/2878",1
"marido/n/mex_g1263/39865",1
"marido/n/mex_g0532/109",1
"marido/n/mex_g1040/59263",1
"marido/n/mex_g1165/7959",1
"marido/n/mex_g0544/22946",1
"marido/n/mex_g1528/40624",1
"marido/n/mex_b1062/15427",1
"marido/n/mex_b1341/48231",1
"marido/n/mex_b1334/39856",1
"marido/n/mex_b1397/8931",1
"marido/n/mex_b1481/52390",1
"marido/n/mex_b2285/44958",1
"marido/n/mex_b0915/53394",1
"marido/n/mex_b0187/5457",1
"marido/n/mex_b1542/44694",1
"marido/n/mex_b2143/41603",1
"marido/n/per_g0077/25799",1
"marido/n/per_g0469/5976",1
"marido/n/per_g0624/36756",1
"marido/n/per_g0566/13155",1
"marido/n/per_g0666/101956",1
"marido/n/per_g0632/44057",1
"marido/n/per_g0709/8283",1
"marido/n/per_g0468/11579",1
"marido/n/per_g0077/30075",1
"marido/n/per_g0540/6970",1
"marido/n/per_b0257/2102",1
"marido/n/per_b0317/48165",1
"marido/n/per_b0993/30872",1
"marido/n/per_b1110/2269",1
"marido/n/per_b0956/19704",1
"marido/n/per_b0756/25494",1
"marido/n/per_b0117/31440",1
"marido/n/per_b0341/17774",1
"marido/n/per_b1053/43265",1
"marido/n/per_b1045/33429",1
"marido/n/spa_g2269/106243",1
"marido/n/spa_g0772/48930",1
"marido/n/spa_g2200/34193",1
"marido/n/spa_g3047/10227",1
"marido/n/spa_g3603/48938",1
"marido/n/spa_g0177/21584",1
"marido/n/spa_g2129/57868",1
"marido/n/spa_g2026/55883",1
"marido/n/spa_g1032/33062",1
"marido/n/spa_g0627/15992",1
"marido/n/spa_b0911/38477",1
"marido/n/spa_b3842/15038",1
"marido/n/spa_b4279/37154",1
"marido/n/spa_b2321/15607",1
"marido/n/spa_b3587/42631",1
"marido/n/spa_b1622/14074",1
"marido/n/spa_b2486/28978",1
"marido/n/spa_b2493/36749",1
"marido/n/spa_b2356/30822",1
"marido/n/spa_b0800/40739",1
"marido/n/usa_g0250/6194",1
"marido/n/usa_g0585/16550",1
"marido/n/usa_g1634/25677",1
"marido/n/usa_g0604/272846",1
"marido/n/usa_g1117/35058",1
"marido/n/usa_g1145/29641",1
"marido/n/usa_g0066/30803",1
"marido/n/usa_g0074/59508",1
"marido/n/usa_g0970/12507",1
"marido/n/usa_g0604/179616",1
"marido/n/usa_b0453/58783",1
"marido/n/usa_b0333/3129",1
"marido/n/usa_b0699/20524",1
"marido/n/usa_b1036/1245",1
"marido/n/usa_b1225/28675",1
"marido/n/usa_b1498/22092",1
"marido/n/usa_b1224/5786",1
"marido/n/usa_b0871/33714",1
"marido/n/usa_b0699/20016",1
"marido/n/usa_b0264/15689",1
"apodo/n/arg_g0261/33753",1
"apodo/n/arg_g0261/33188",1
"apodo/n/arg_g0763/48888",1
"apodo/n/arg_g0232/55210",1
"apodo/n/arg_g1133/23150",1
"apodo/n/arg_g0261/33734",1
"apodo/n/arg_g0535/20839",1
"apodo/n/arg_g0261/34416",1
"apodo/n/arg_g0261/33959",1
"apodo/n/arg_g0379/23027",1
"apodo/n/arg_b1518/31338",1
"apodo/n/arg_b0115/26769",1
"apodo/n/arg_b0787/23654",1
"apodo/n/arg_b0256/54942",1
"apodo/n/arg_b0208/10407",1
"apodo/n/arg_b0915/4969",1
"apodo/n/arg_b0097/7117",1
"apodo/n/arg_b0522/11495",1
"apodo/n/arg_b0649/41514",1
"apodo/n/arg_b0324/44440",1
"apodo/n/col_g1563/4840",1
"apodo/n/col_g0802/43622",1
"apodo/n/col_g0046/17237",1
"apodo/n/col_g0371/58864",1
"apodo/n/col_g0272/39871",1
"apodo/n/col_g1058/44876",1
"apodo/n/col_g1604/17187",1
"apodo/n/col_g0997/52275",1
"apodo/n/col_g1542/43844",1
"apodo/n/col_g1116/4250",1
"apodo/n/col_b1301/21614",1
"apodo/n/col_b1485/50644",1
"apodo/n/col_b0443/29438",1
"apodo/n/col_b1158/15026",1
"apodo/n/col_b1214/47111",1
"apodo/n/col_b0421/39961",1
"apodo/n/col_b0154/11606",1
"apodo/n/col_b1235/46384",1
"apodo/n/col_b0993/14259",1
"apodo/n/col_b0050/1858",1
"apodo/n/mex_g1861/22545",1
"apodo/n/mex_g2062/49899",1
"apodo/n/mex_g1018/27666",1
"apodo/n/mex_g0634/46480",1
"apodo/n/mex_g0255/39313",1
"apodo/n/mex_g0255/4255",1
"apodo/n/mex_g1439/32784",1
"apodo/n/mex_g1137/28659",1
"apodo/n/mex_g2483/35816",1
"apodo/n/mex_g0205/31057",1
"apodo/n/mex_b2274/37545",1
"apodo/n/mex_b0554/23656",1
"apodo/n/mex_b1489/22516",1
"apodo/n/mex_b1407/8627",1
"apodo/n/mex_b0451/46243",1
"apodo/n/mex_b1597/36578",1
"apodo/n/mex_b1486/12657",1
"apodo/n/mex_b1626/37872",1
"apodo/n/mex_b0244/46704",1
"apodo/n/mex_b1252/32799",1
"apodo/n/per_g0535/54808",1
"apodo/n/per_g0810/48404",1
"apodo/n/per_g0503/18021",1
"apodo/n/per_g0215/7358",1
"apodo/n/per_g0314/29257",1
"apodo/n/per_g0765/30816",1
"apodo/n/per_g0604/12379",1
"apodo/n/per_g0233/5218",1
"apodo/n/per_g0587/57513",1
"apodo/n/per_g0280/6756",1
"apodo/n/per_b0340/28302",1
"apodo/n/per_b0690/3955",1
"apodo/n/per_b0489/36110",1
"apodo/n/per_b0496/23959",1
"apodo/n/per_b0496/8958",1
"apodo/n/per_b1237/58307",1
"apodo/n/per_b0471/33020",1
"apodo/n/per_b0496/6874",1
"apodo/n/per_b1142/1320",1
"apodo/n/per_b0229/56817",1
"apodo/n/spa_g0173/40145",1
"apodo/n/spa_g0531/18678",1
"apodo/n/spa_g0520/36180",1
"apodo/n/spa_g2184/47035",1
"apodo/n/spa_g2884/13444",1
"apodo/n/spa_g2329/2267",1
"apodo/n/spa_g2298/42207",1
"apodo/n/spa_g3441/34793",1
"apodo/n/spa_g0126/47193",1
"apodo/n/spa_g1506/54569",1
"apodo/n/spa_b0289/59862",1
"apodo/n/spa_b3819/49477",1
"apodo/n/spa_b1539/41354",1
"apodo/n/spa_b2858/17283",1
"apodo/n/spa_b2597/58201",1
"apodo/n/spa_b2597/58230",1
"apodo/n/spa_b1670/13024",1
"apodo/n/spa_b2070/30367",1
"apodo/n/spa_b1467/26532",1
"apodo/n/spa_b2476/13077",1
"apodo/n/usa_g1284/7245",1
"apodo/n/usa_g0074/14046",1
"apodo/n/usa_g1684/9495",1
"apodo/n/usa_g0648/13317",1
"apodo/n/usa_g1335/31288",1
"apodo/n/usa_g1148/4133",1
"apodo/n/usa_g0430/38011",1
"apodo/n/usa_g0783/52491",1
"apodo/n/usa_g0757/32593",1
"apodo/n/usa_g0627/14786",1
"apodo/n/usa_b0426/11715",1
"apodo/n/usa_b1151/10771",1
"apodo/n/usa_b0264/18885",1
"apodo/n/usa_b0861/42391",1
"apodo/n/usa_b1268/58551",1
"apodo/n/usa_b1357/9816",1
"apodo/n/usa_b0218/10864",1
"apodo/n/usa_b1195/47178",1
"apodo/n/usa_b1132/4810",1
"apodo/n/usa_b0034/49862",1
"sobrenombre/n/arg_g1044/45545",1
"sobrenombre/n/arg_g0645/4911",1
"sobrenombre/n/arg_g1105/743",1
"sobrenombre/n/arg_g1776/54788",1
"sobrenombre/n/arg_g1503/18339",1
"sobrenombre/n/arg_g1509/22004",1
"sobrenombre/n/arg_g1776/22040",1
"sobrenombre/n/arg_g1178/23914",1
"sobrenombre/n/arg_g1561/57081",1
"sobrenombre/n/arg_g1493/33460",1
"sobrenombre/n/arg_b1308/7820",1
"sobrenombre/n/arg_b1283/58920",1
"sobrenombre/n/arg_b0487/12019",1
"sobrenombre/n/arg_b0394/2708",1
"sobrenombre/n/arg_b0536/52457",1
"sobrenombre/n/arg_b0400/24257",1
"sobrenombre/n/arg_b0103/22368",1
"sobrenombre/n/arg_b0228/37322",1
"sobrenombre/n/arg_b1341/42426",1
"sobrenombre/n/arg_b1364/32110",1
"sobrenombre/n/col_g0570/43477",1
"sobrenombre/n/col_g1105/20784",1
"sobrenombre/n/col_g1281/14591",1
"sobrenombre/n/col_g0328/36567",1
"sobrenombre/n/col_g1431/43926",1
"sobrenombre/n/col_g0272/39350",1
"sobrenombre/n/col_g0509/39952",1
"sobrenombre/n/col_g0793/56026",1
"sobrenombre/n/col_b1301/27219",1
"sobrenombre/n/col_b1464/4097",1
"sobrenombre/n/col_b0102/27902",1
"sobrenombre/n/col_b1516/39733",1
"sobrenombre/n/col_b0893/10590",1
"sobrenombre/n/col_b0893/7987",1
"sobrenombre/n/col_b0902/24673",1
"sobrenombre/n/col_b1368/18723",1
"sobrenombre/n/col_b0835/47902",1
"sobrenombre/n/col_b1594/52375",1
"sobrenombre/n/mex_g0144/53994",1
"sobrenombre/n/mex_g1643/4722",1
"sobrenombre/n/mex_g1222/30885",1
"sobrenombre/n/mex_g1170/37568",1
"sobrenombre/n/mex_g0681/10758",1
"sobrenombre/n/mex_g0996/55417",1
"sobrenombre/n/mex_g0230/42916",1
"sobrenombre/n/mex_g0402/57537",1
"sobrenombre/n/mex_g1190/17785",1
"sobrenombre/n/mex_g0831/17950",1
"sobrenombre/n/mex_b0060/51631",1
"sobrenombre/n/mex_b0229/1550",1
"sobrenombre/n/mex_b2181/12717",1
"sobrenombre/n/mex_b1011/55509",1
"sobrenombre/n/mex_b1013/33618",1
"sobrenombre/n/mex_b0060/42808",1
"sobrenombre/n/mex_b0069/18132",1
"sobrenombre/n/mex_b2251/12067",1
"sobrenombre/n/mex_b0382/38878",1
"sobrenombre/n/mex_b0422/11100",1
"sobrenombre/n/per_g0092/48997",1
"sobrenombre/n/per_g0644/6078",1
"sobrenombre/n/per_g0601/26286",1
"sobrenombre/n/per_g0486/9364",1
"sobrenombre/n/per_g0130/1119",1
"sobrenombre/n/per_g0765/54739",1
"sobrenombre/n/per_g0309/51282",1
"sobrenombre/n/per_g0083/2240",1
"sobrenombre/n/per_g0142/100774",1
"sobrenombre/n/per_g0807/8041",1
"sobrenombre/n/per_b0186/22666",1
"sobrenombre/n/per_b0613/38022",1
"sobrenombre/n/per_b0489/43313",1
"sobrenombre/n/per_b0489/43710",1
"sobrenombre/n/per_b0845/13658",1
"sobrenombre/n/per_b0102/42145",1
"sobrenombre/n/per_b0750/10144",1
"sobrenombre/n/per_b0026/29629",1
"sobrenombre/n/per_b1209/59229",1
"sobrenombre/n/per_b0178/16539",1
"sobrenombre/n/spa_g3617/5073",1
"sobrenombre/n/spa_g3556/11012",1
"sobrenombre/n/spa_g3254/52270",1
"sobrenombre/n/spa_g1460/16223",1
"sobrenombre/n/spa_g3231/44775",1
"sobrenombre/n/spa_g1165/15298",1
"sobrenombre/n/spa_g3857/110067",1
"sobrenombre/n/spa_g0772/29197",1
"sobrenombre/n/spa_g3023/50089",1
"sobrenombre/n/spa_g0033/6847",1
"sobrenombre/n/spa_b3779/23715",1
"sobrenombre/n/spa_b0366/31731",1
"sobrenombre/n/spa_b3489/5157",1
"sobrenombre/n/spa_b1493/59380",1
"sobrenombre/n/spa_b2716/31961",1
"sobrenombre/n/spa_b1146/42368",1
"sobrenombre/n/spa_b2159/56005",1
"sobrenombre/n/spa_b0391/38455",1
"sobrenombre/n/spa_b1578/56927",1
"sobrenombre/n/spa_b0734/5221",1
"sobrenombre/n/usa_g0074/8797",1
"sobrenombre/n/usa_g0429/41403",1
"sobrenombre/n/usa_g1467/25803",1
"sobrenombre/n/usa_g0273/15013",1
"sobrenombre/n/usa_g1474/9968",1
"sobrenombre/n/usa_g0031/38664",1
"sobrenombre/n/usa_g0757/26118",1
"sobrenombre/n/usa_g0295/11179",1
"sobrenombre/n/usa_b0964/40939",1
"sobrenombre/n/usa_b1536/33775",1
"sobrenombre/n/usa_b0022/35885",1
"sobrenombre/n/usa_b1099/14276",1
"sobrenombre/n/usa_b0826/48516",1
"sobrenombre/n/usa_b0560/45254",1
"sobrenombre/n/usa_b1423/55134",1
"sobrenombre/n/usa_b0726/21018",1
"sobrenombre/n/usa_b0808/31471",1
"sobrenombre/n/col_g1048/8872",0
"sobrenombre/n/usa_g1610/22904",0
"sobrenombre/n/usa_g0850/21194",0
"sobrenombre/n/usa_b0007/5968",0
"mote/n/arg_b0291/30975",1
"mote/n/arg_b1458/4466",1
"mote/n/arg_g1656/51924",1
"mote/n/arg_g1450/17160",1
"mote/n/arg_g0938/17634",1
"mote/n/arg_b0038/39994",1
"mote/n/arg_g0954/59347",1
"mote/n/arg_g0976/41549",1
"mote/n/arg_b1158/52773",1
"mote/n/arg_b1226/27015",1
"mote/n/arg_g0576/28054",1
"mote/n/arg_b0500/30308",1
"mote/n/arg_g1504/18136",1
"mote/n/arg_b0493/30787",1
"mote/n/arg_g0323/39363",1
"mote/n/arg_b0993/45628",1
"mote/n/arg_b1364/30612",1
"mote/n/arg_b0007/63329",1
"mote/n/arg_g0512/46999",1
"mote/n/arg_g0201/50330",1
"mote/n/arg_g0399/21272",1
"mote/n/arg_g0865/29859",1
"mote/n/col_g0846/9129",1
"mote/n/col_g0272/39785",1
"mote/n/col_g0767/35834",1
"mote/n/col_g0127/37509",1
"mote/n/col_b0069/18673",1
"mote/n/col_g1517/32378",1
"mote/n/col_g1381/32281",1
"mote/n/col_b0225/16636",1
"mote/n/col_b0196/167",1
"mote/n/col_g0668/41996",1
"mote/n/col_g1358/55193",1
"mote/n/col_g0899/47133",1
"mote/n/mex_b0646/61410",1
"mote/n/mex_b1448/41061",1
"mote/n/mex_b1588/41651",1
"mote/n/mex_b1513/31759",1
"mote/n/mex_b0718/51717",1
"mote/n/mex_g2465/50900",1
"mote/n/mex_b1658/33355",1
"mote/n/mex_g0544/23488",1
"mote/n/mex_b0044/39430",1
"mote/n/mex_b1489/22671",1
"mote/n/mex_g0453/49877",1
"mote/n/mex_b1412/59817",1
"mote/n/mex_b1489/22722",1
"mote/n/mex_g0126/43348",1
"mote/n/mex_g1738/19036",1
"mote/n/mex_g0099/32386",1
"mote/n/mex_g2093/50817",1
"mote/n/mex_b0132/31737",1
"mote/n/mex_g2465/50505",1
"mote/n/mex_b1189/42094",1
"mote/n/mex_b1780/21618",1
"mote/n/mex_b1489/22893",1
"mote/n/mex_g0343/18028",1
"mote/n/mex_g0283/14329",1
"mote/n/mex_g0875/43740",1
"mote/n/mex_g0875/44757",1
"mote/n/mex_g1632/9836",1
"mote/n/per_b0471/42679",1
"mote/n/per_b0026/30257",1
"mote/n/per_g0165/26572",1
"mote/n/per_g0264/43469",1
"mote/n/per_b0756/8720",1
"mote/n/per_b0690/24128",1
"mote/n/per_b0026/57729",1
"mote/n/per_g0234/5059",1
"mote/n/spa_b3226/15200",1
"mote/n/spa_b2958/17660",1
"mote/n/spa_b1539/44633",1
"mote/n/spa_g2034/77283",1
"mote/n/spa_b1837/16930",1
"mote/n/spa_g1447/10546",1
"mote/n/spa_g2034/81656",1
"mote/n/spa_b0364/56002",1
"mote/n/spa_g0658/22042",1
"mote/n/spa_g2034/81699",1
"mote/n/spa_g2034/79104",1
"mote/n/spa_g2034/82933",1
"mote/n/spa_g1032/47174",1
"mote/n/spa_b4411/54151",1
"mote/n/spa_b3808/37669",1
"mote/n/spa_b2728/2497",1
"mote/n/spa_b0826/43685",1
"mote/n/spa_g2034/79084",1
"mote/n/spa_g1370/57390",1
"mote/n/spa_b0371/48416",1
"mote/n/spa_b0810/61601",1
"mote/n/spa_g0126/31008",1
"mote/n/spa_g1221/14755",1
"mote/n/spa_b2728/2871",1
"mote/n/spa_g2676/49194",1
"mote/n/spa_b2286/49069",1
"mote/n/spa_g1174/38259",1
"mote/n/spa_b0095/28851",1
"mote/n/spa_b1837/16626",1
"mote/n/usa_g0554/52096",1
"mote/n/usa_b0984/45999",1
"mote/n/usa_g0625/50043",1
"mote/n/usa_b1508/25443",1
"mote/n/usa_g1598/52526",1
"mote/n/usa_b0224/9301",1
"mote/n/usa_b1195/47203",1
"mote/n/usa_b1289/44147",1
"mote/n/usa_b0725/49370",1
"mote/n/usa_b0453/1443",1
"mote/n/usa_g0617/48693",1
"mote/n/usa_b1441/31626",1
"mote/n/arg_g0323/21789",0
"mote/n/arg_b1517/35997",0
"mote/n/arg_b0861/30285",0
"mote/n/arg_b1291/37697",0
"mote/n/arg_b0648/24608",0
"mote/n/arg_g1120/29638",0
"mote/n/arg_b0313/57238",0
"mote/n/arg_g1278/54277",0
"mote/n/arg_g0621/27781",0
"mote/n/col_b0154/56263",0
"mote/n/col_b0154/56251",0
"mote/n/col_b0356/43641",0
"mote/n/col_b0154/56178",0
"mote/n/col_b0154/56067",0
"mote/n/col_b0902/5578",0
"mote/n/col_b0154/56603",0
"mote/n/col_b0648/43382",0
"mote/n/col_g0599/46894",0
"mote/n/col_b0154/56048",0
"mote/n/col_g1327/14270",0
"mote/n/col_b0318/11677",0
"mote/n/col_b0154/55847",0
"mote/n/col_g0272/39647",0
"mote/n/col_g0732/49022",0
"mote/n/col_b1110/8768",0
"mote/n/mex_b0563/14735",0
"mote/n/mex_g0532/8821",0
"mote/n/per_g0873/57859",0
"mote/n/per_g0140/57809",0
"mote/n/per_g0116/22147",0
"mote/n/per_g0390/18323",0
"mote/n/per_b0223/12704",0
"mote/n/per_g0569/27998",0
"mote/n/per_g0116/21948",0
"mote/n/per_b0280/41047",0
"mote/n/per_b0314/14868",0
"mote/n/per_g0795/25098",0
"mote/n/per_b0354/23007",0
"mote/n/per_g0655/28590",0
"mote/n/per_g0504/36822",0
"mote/n/per_g0859/31342",0
"mote/n/per_b0880/52030",0
"mote/n/per_b0894/4704",0
"mote/n/per_b1071/16302",0
"mote/n/per_b0603/31612",0
"mote/n/per_g0140/57877",0
"mote/n/per_b1001/13433",0
"mote/n/per_g0390/18302",0
"mote/n/per_b1229/38436",0
"mote/n/spa_b0521/36073",0
"mote/n/usa_b1320/26314",0
"mote/n/usa_g0625/51263",0
"mote/n/usa_g0883/36605",0
"mote/n/usa_g0604/354072",0
"mote/n/usa_g0757/32567",0
"mote/n/usa_g0625/51320",0
"mote/n/usa_b0663/34435",0
"mote/n/usa_b0035/15861",0
"mote/n/usa_b0367/53109",0
"mote/n/usa_b1413/54173",0
"remoquete/n/col_b0963/36886",1
"remoquete/n/col_b0459/43069",1
"remoquete/n/col_b0941/13648",1
"remoquete/n/usa_b0581/14751",1
"remoquete/n/col_g0314/13008",0
"remoquete/n/col_b0788/27420",0
"remoquete/n/col_b0329/55715",0
"remoquete/n/col_b0459/42202",0
"remoquete/n/mex_g2465/35071",0
"camarera/n/arg_b0353/16846",1
"camarero/n/arg_g0917/25569",1
"camarero/n/arg_g1539/49936",1
"camarero/n/arg_g0917/25123",1
"camarero/n/arg_g0239/45641",1
"camarera/n/arg_b0064/61122",1
"camarera/n/arg_b0493/30845",1
"camarera/n/arg_b0847/23223",1
"camarera/n/arg_g0281/26728",1
"camarero/n/arg_g0827/8644",1
"camarera/n/arg_b0847/31421",1
"camarera/n/arg_b0136/39016",1
"camarera/n/arg_b0095/7815",1
"camarero/n/arg_b0064/61572",1
"camarera/n/arg_g1025/10519",1
"camarero/n/arg_b1163/32389",1
"camarera/n/arg_g0643/1567",1
"camarero/n/arg_g0237/34871",1
"camarero/n/arg_g0563/1104",1
"camarera/n/arg_g1442/35637",1
"camarero/n/arg_g0917/24484",1
"camarera/n/arg_b1089/22672",1
"camarero/n/arg_g1509/21720",1
"camarera/n/arg_b0396/30263",1
"camarera/n/arg_b1308/51341",1
"camarero/n/arg_g0852/52784",1
"camarero/n/arg_b1073/18155",1
"camarera/n/arg_b0680/45002",1
"camarera/n/arg_b0136/38767",1
"camarera/n/arg_b0136/38728",1
"camarera/n/col_b1217/28765",1
"camarero/n/col_g0802/38897",1
"camarero/n/col_b1160/4859",1
"camarero/n/col_g0384/8056",1
"camarero/n/col_g1385/2551",1
"camarero/n/col_b1150/25465",1
"camarero/n/col_b1617/39003",1
"camarero/n/col_b0334/2989",1
"camarero/n/col_b0225/40355",1
"camarero/n/col_b0433/8496",1
"camarero/n/col_b1160/4763",1
"camarero/n/col_g0894/31486",1
"camarera/n/col_g1569/54712",1
"camarero/n/col_b1250/7398",1
"camarero/n/col_b1160/4955",1
"camarero/n/col_b1160/4855",1
"camarero/n/col_b1368/14939",1
"camarero/n/col_g0877/37853",1
"camarera/n/col_g1383/5426",1
"camarera/n/col_b0659/56187",1
"camarero/n/col_g0002/21866",1
"camarero/n/col_g1231/4014",1
"camarero/n/col_b1150/24534",1
"camarero/n/mex_g0372/53489",1
"camarera/n/mex_b0697/60713",1
"camarero/n/mex_g2170/25878",1
"camarero/n/mex_g0909/34034",1
"camarero/n/mex_g2228/41094",1
"camarero/n/mex_b2264/59129",1
"camarero/n/mex_g1069/9597",1
"camarera/n/mex_b1351/35115",1
"camarera/n/mex_b0630/24579",1
"camarero/n/mex_g0436/7176",1
"camarero/n/mex_g1132/49936",1
"camarero/n/mex_b1341/13623",1
"camarero/n/mex_b0730/41074",1
"camarera/n/mex_b1780/17380",1
"camarero/n/mex_g1069/3500",1
"camarera/n/mex_g0550/30327",1
"camarero/n/mex_b0691/43659",1
"camarero/n/mex_g2170/25675",1
"camarero/n/mex_b2237/50308",1
"camarero/n/per_b0603/17169",1
"camarera/n/per_g0728/39596",1
"camarero/n/per_b0102/45225",1
"camarero/n/per_b0526/10154",1
"camarero/n/per_b0310/23673",1
"camarero/n/per_g0036/50905",1
"camarero/n/per_b0035/30033",1
"camarero/n/per_g0248/40882",1
"camarero/n/per_b0069/30989",1
"camarero/n/per_b0070/40606",1
"camarero/n/per_g0428/5767",1
"camarero/n/per_g0655/2023",1
"camarera/n/per_g0728/39543",1
"camarera/n/per_g0682/46946",1
"camarero/n/per_b0265/53434",1
"camarero/n/per_b0332/25566",1
"camarero/n/per_b0555/11710",1
"camarero/n/per_g0036/27147",1
"camarero/n/per_b0265/53449",1
"camarero/n/per_b0069/30246",1
"camarero/n/per_b0069/30929",1
"camarera/n/per_g0206/8195",1
"camarero/n/spa_g1736/22876",1
"camarero/n/spa_g2679/46317",1
"camarera/n/spa_b2018/48874",1
"camarero/n/spa_g2522/53205",1
"camarero/n/spa_b1222/3140",1
"camarero/n/spa_b2914/46785",1
"camarero/n/spa_b1724/14123",1
"camarera/n/spa_b0289/6990",1
"camarero/n/spa_g2521/30080",1
"camarero/n/spa_g1955/23396",1
"camarera/n/spa_b2434/54381",1
"camarero/n/spa_b1132/43464",1
"camarero/n/spa_b4093/3972",1
"camarero/n/spa_g1402/34034",1
"camarero/n/spa_b2621/4073",1
"camarero/n/spa_b1206/33022",1
"camarero/n/spa_g2129/15347",1
"camarero/n/spa_g0564/55626",1
"camarero/n/spa_b2672/25613",1
"camarero/n/spa_g2448/51292",1
"camarero/n/spa_g0233/22382",1
"camarero/n/spa_b0289/6838",1
"camarero/n/spa_g2448/50572",1
"camarera/n/spa_b2434/53877",1
"camarero/n/spa_g1940/45061",1
"camarero/n/spa_g2899/282",1
"camarera/n/spa_g1216/55391",1
"camarero/n/spa_g1216/20118",1
"camarera/n/spa_g1220/25352",1
"camarero/n/spa_b3997/13921",1
"camarero/n/spa_b2621/4060",1
"camarero/n/spa_g0380/36",1
"camarero/n/spa_g2025/51156",1
"camarero/n/spa_b1903/39687",1
"camarera/n/spa_b4528/12398",1
"camarero/n/spa_g3209/54211",1
"camarero/n/spa_b1396/45553",1
"camarera/n/spa_b1996/41982",1
"camarero/n/usa_g0770/41719",1
"camarero/n/usa_g0403/56959",1
"camarero/n/usa_b1429/30534",1
"camarero/n/usa_g1589/44079",1
"camarero/n/usa_b1467/8884",1
"camarera/n/usa_b0368/56979",1
"camarera/n/usa_g1561/33873",1
"camarero/n/usa_g1312/264",1
"camarero/n/usa_b0284/55134",1
"camarero/n/usa_b0423/49775",1
"camarero/n/usa_b0921/22684",1
"camarero/n/usa_b0921/22724",1
"camarero/n/usa_g1670/102960",1
"camarera/n/usa_g0567/53972",1
"camarera/n/usa_g0741/6661",1
"camarera/n/usa_g0567/53962",1
"camarera/n/usa_b1135/58772",1
"camarero/n/usa_g0428/22761",1
"camarero/n/usa_g0147/15389",1
"camarero/n/usa_b0844/53934",1
"camarero/n/usa_b0812/19243",1
"camarera/n/usa_g0292/43680",1
"camarero/n/usa_g0860/25327",1
"camarero/n/usa_g0419/29737",1
"camarera/n/usa_b0205/37293",1
"camarero/n/usa_b0921/21270",1
"camarero/n/arg_g0932/31414",0
"camarero/n/col_b1587/41472",0
"camarera/n/col_g1445/41038",0
"camarero/n/col_g0727/28192",0
"camarero/n/col_g0958/40938",0
"camarero/n/col_b0433/6830",0
"camarero/n/col_g0894/31634",0
"camarera/n/col_g1569/54877",0
"camarera/n/mex_b2165/13705",0
"camarera/n/mex_b0568/19240",0
"camarero/n/mex_b1569/49559",0
"camarera/n/mex_g0966/46432",0
"camarero/n/mex_g1018/46777",0
"camarera/n/mex_b1486/27464",0
"camarero/n/mex_g1949/32661",0
"camarera/n/mex_g2168/47186",0
"camarero/n/mex_b0392/12636",0
"camarera/n/mex_b1226/25129",0
"camarera/n/mex_g0629/48430",0
"camarero/n/mex_b1517/5474",0
"camarero/n/mex_g1392/52072",0
"camarero/n/per_b0069/30997",0
"camarera/n/per_b0573/15528",0
"camarero/n/per_g0428/5828",0
"camarera/n/spa_g1169/48379",0
"camarera/n/spa_b2472/40764",0
"camarero/n/usa_b1003/55113",0
"camarero/n/usa_b0409/4567",0
"camarero/n/usa_b0377/59287",0
"camarero/n/usa_b1517/13944",0
"camarero/n/usa_b1271/14054",0
"camarero/n/usa_b0174/48459",0
"camarero/n/usa_g0789/39333",0
"camarero/n/usa_g0624/16352",0
"mesera/n/arg_g1274/34528",1
"mesero/n/arg_g0852/66473",1
"mesera/n/arg_g0598/34143",1
"mesero/n/arg_g0648/1721",1
"mesero/n/arg_g1479/55015",1
"mesero/n/arg_g1468/126",1
"mesera/n/arg_g0598/34159",1
"mesera/n/arg_g0341/31735",1
"mesera/n/arg_b0208/22358",1
"mesera/n/arg_b0300/307",1
"mesero/n/arg_b1089/7243",1
"mesero/n/arg_b1342/26650",1
"mesero/n/arg_b1493/29937",1
"mesera/n/arg_b0300/423",1
"mesera/n/arg_b1337/19484",1
"mesera/n/col_g0456/28358",1
"mesero/n/col_g1443/11699",1
"mesero/n/col_g0707/5731",1
"mesero/n/col_g1185/47997",1
"mesero/n/col_g0029/22235",1
"mesero/n/col_g0649/36469",1
"mesero/n/col_g1048/45829",1
"mesera/n/col_g0805/41264",1
"mesero/n/col_g1079/26142",1
"mesero/n/col_g1574/32390",1
"mesero/n/col_b1398/18852",1
"mesero/n/col_b0767/27270",1
"mesero/n/col_b0188/28194",1
"mesero/n/col_b0480/27910",1
"mesero/n/col_b0347/14118",1
"mesero/n/col_b0018/6722",1
"mesero/n/col_b1046/51266",1
"mesero/n/col_b1365/56637",1
"mesero/n/col_b0035/21499",1
"mesera/n/col_b0007/40187",1
"mesera/n/mex_g0809/30945",1
"mesero/n/mex_g0748/50083",1
"mesero/n/mex_g1303/12507",1
"mesera/n/mex_g0373/50098",1
"mesero/n/mex_g0532/54842",1
"mesero/n/mex_g0889/45630",1
"mesero/n/mex_g0563/10723",1
"mesero/n/mex_g1163/15477",1
"mesero/n/mex_g2423/21016",1
"mesero/n/mex_g1403/48030",1
"mesera/n/mex_b0071/35206",1
"mesera/n/mex_b1406/57342",1
"mesero/n/mex_b0071/35198",1
"mesero/n/mex_b1263/8128",1
"mesero/n/mex_b1035/63159",1
"mesera/n/mex_b1906/29866",1
"mesero/n/mex_b0730/22958",1
"mesero/n/mex_b1333/36609",1
"mesero/n/mex_b0897/5913",1
"mesera/n/mex_b1809/11447",1
"mesera/n/per_g0332/51981",1
"mesera/n/per_g0332/51575",1
"mesero/n/per_g0061/14121",1
"mesero/n/per_g0655/1856",1
"mesero/n/per_g0362/33380",1
"mesero/n/per_g0666/44699",1
"mesero/n/per_g0269/9153",1
"mesero/n/per_g0362/33411",1
"mesera/n/per_g0410/54123",1
"mesera/n/per_b0165/17289",1
"mesera/n/per_b0730/42036",1
"mesera/n/per_b1223/23792",1
"mesera/n/per_b1178/35537",1
"mesera/n/per_b0775/37317",1
"mesero/n/per_b1178/38718",1
"mesero/n/per_b0069/29974",1
"mesera/n/per_b0905/50056",1
"mesera/n/per_b0165/17097",1
"mesera/n/per_b0363/41326",1
"mesera/n/spa_g1220/25745",1
"mesera/n/spa_g1604/28126",1
"mesera/n/spa_g1220/25789",1
"mesero/n/spa_b3026/3778",1
"mesero/n/spa_b2085/23750",1
"mesero/n/spa_b4164/40117",1
"mesero/n/spa_b4164/40550",1
"mesero/n/spa_b4164/40268",1
"mesero/n/spa_b4164/40701",1
"mesero/n/spa_b3026/52064",1
"mesero/n/spa_b3133/38724",1
"mesero/n/spa_b0844/15369",1
"mesera/n/usa_g1047/47151",1
"mesera/n/usa_g0407/47385",1
"mesero/n/usa_g0582/47785",1
"mesera/n/usa_g0531/29224",1
"mesero/n/usa_g0635/29714",1
"mesero/n/usa_g0867/18419",1
"mesero/n/usa_g1335/10812",1
"mesera/n/usa_g1271/47294",1
"mesero/n/usa_g1304/18629",1
"mesero/n/usa_g0764/15437",1
"mesero/n/usa_b0012/22355",1
"mesero/n/usa_b0309/18161",1
"mesero/n/usa_b0175/41656",1
"mesero/n/usa_b0175/42045",1
"mesero/n/usa_b1072/9859",1
"mesero/n/usa_b1478/25141",1
"mesero/n/usa_b0622/57512",1
"mesero/n/usa_b0841/48789",1
"mesero/n/usa_b0523/28638",1
"mesero/n/usa_b0291/31135",1