apodo/n/usa_g1408/18597,13
apodo/n/per_b0555/39962,6
apodo/n/per_b0499/33315,13
apodo/n/per_b0489/33703,13
apodo/n/usa_b1155/19651,13
apodo/n/per_g0535/54760,13
apodo/n/arg_b0217/17413,13
apodo/n/spa_b4392/38357,13
apodo/n/mex_g0110/30654,13
sobrenombre/n/col_g0328/36567,0
sobrenombre/n/spa_b1284/32779,13
apodo/n/per_g0318/58787,13
apodo/n/usa_g0604/82139,3
sobrenombre/n/spa_b0391/38455,13
mote/n/per_g0504/37294,13
apodo/n/col_b1393/25312,13
apodo/n/per_g0012/10499,-1
sobrenombre/n/mex_g1388/33470,13
sobrenombre/n/arg_b0398/31085,13
apodo/n/spa_b2597/58201,12
apodo/n/arg_b1518/31338,13
apodo/n/per_b0872/25931,13
apodo/n/col_b0993/14259,5
apodo/n/per_g0874/39761,13
apodo/n/arg_b1381/2889,13
apodo/n/per_b1209/59221,13
apodo/n/col_b0796/11174,13
mote/n/usa_g0625/51263,13
apodo/n/spa_b4168/19358,13
apodo/n/spa_b3719/25102,13
apodo/n/mex_b1173/19364,13
sobrenombre/n/per_g0678/21694,14
sobrenombre/n/per_g0142/100774,6
mote/n/per_b0690/24128,13
apodo/n/mex_b0096/54186,13
mote/n/mex_b0874/2948,12
mote/n/mex_g1712/5393,13
mote/n/usa_g1278/24912,13
apodo/n/arg_b1364/32083,1
sobrenombre/n/per_b1226/58261,13
sobrenombre/n/usa_g1474/9968,13
mote/n/arg_b0007/63329,13
sobrenombre/n/spa_b2159/56817,14
apodo/n/usa_g0454/51395,13
apodo/n/usa_g1651/20146,13
mote/n/spa_b0826/43685,13
apodo/n/per_g0166/13343,13
sobrenombre/n/col_g1403/6280,13
sobrenombre/n/mex_g0086/37881,6
mote/n/spa_g0126/31008,2
mote/n/spa_b3808/37669,13
mote/n/spa_b3226/15200,3
apodo/n/spa_b3674/20458,2
sobrenombre/n/spa_g3556/11012,13
mote/n/arg_g0323/39363,13
apodo/n/col_g1532/22877,13
apodo/n/per_g0244/11723,13
apodo/n/mex_b1489/23044,13
mote/n/per_g0234/5059,13
sobrenombre/n/spa_g2524/41685,13
apodo/n/spa_g2252/33873,13
apodo/n/usa_g0111/9644,13
mote/n/spa_b0810/61601,13
sobrenombre/n/per_g0687/28701,11
mote/n/arg_b0228/12516,13
apodo/n/arg_g1440/37064,13
apodo/n/arg_b1364/30541,13
apodo/n/col_b0421/35735,13
apodo/n/mex_b1738/30432,13
remoquete/n/col_b0459/42202,13
apodo/n/spa_g3378/11275,7
apodo/n/per_b0489/36110,13
mote/n/per_b1071/16410,13
apodo/n/arg_g0341/35445,13
mote/n/spa_b2958/17660,11
mote/n/arg_b1112/53664,13
apodo/n/arg_g0261/34354,13
apodo/n/arg_g1282/15439,1
apodo/n/per_g0457/3317,13
sobrenombre/n/per_g0318/17207,13
apodo/n/per_g0694/3182,13
apodo/n/mex_b2274/37545,13
mote/n/col_b0154/56387,13
apodo/n/spa_b1539/41354,13
mote/n/arg_g1450/17160,13
apodo/n/col_g0263/3172,13
apodo/n/spa_g0061/33995,13
mote/n/col_b0318/11677,13
apodo/n/mex_b0787/50214,13
apodo/n/mex_b0132/32204,13
mote/n/per_g0694/3194,13
apodo/n/usa_g0462/28419,13
apodo/n/spa_b0095/28788,13
apodo/n/col_b0484/17581,6
sobrenombre/n/arg_b1364/30743,6
apodo/n/mex_b0603/43526,13
sobrenombre/n/mex_g1661/16220,12
apodo/n/spa_g3171/14326,13
sobrenombre/n/usa_b0964/40905,13
apodo/n/per_g0318/3508,13
sobrenombre/n/arg_b1283/58920,13
sobrenombre/n/usa_g0489/1380,13
mote/n/mex_b1513/31759,13
mote/n/usa_g1484/10979,13
apodo/n/mex_g1793/53402,13
apodo/n/per_g0468/45121,13
apodo/n/usa_g1312/11111,13
sobrenombre/n/mex_g0255/31823,13
apodo/n/col_g0997/52275,2
mote/n/mex_b1480/34756,13
mote/n/per_b0026/57729,13
apodo/n/usa_g0219/46608,13
apodo/n/mex_b0044/55191,13
apodo/n/per_g0477/16556,8
apodo/n/col_g1604/17187,13
apodo/n/mex_g2465/50595,13
mote/n/mex_b0044/39430,13
sobrenombre/n/arg_g1351/44175,13
apodo/n/col_g1563/4967,13
apodo/n/arg_g0064/9418,8
sobrenombre/n/arg_g0922/13211,13
sobrenombre/n/spa_g3408/1102,13
mote/n/mex_g2465/50900,13
apodo/n/usa_b0523/51946,2
mote/n/mex_b0568/44561,13
mote/n/per_b1181/12281,13
apodo/n/col_b1235/46384,13
apodo/n/col_b0166/25251,13
apodo/n/spa_b0310/22222,12
apodo/n/per_b0288/34964,13
apodo/n/per_b0643/30010,4
sobrenombre/n/spa_g2981/7365,12
apodo/n/arg_b1481/73,7
sobrenombre/n/mex_g0818/28962,13
apodo/n/col_g1468/40205,2
apodo/n/arg_b1364/32026,13
sobrenombre/n/usa_b0726/21018,13
apodo/n/usa_g0196/829,13
apodo/n/per_b0956/27068,4
sobrenombre/n/per_g0309/51282,11
apodo/n/spa_g0257/58511,9
apodo/n/arg_g0064/28374,13
apodo/n/spa_b3578/19738,13
mote/n/spa_b3254/50163,13
mote/n/per_g0707/23947,13
sobrenombre/n/spa_g1391/53770,13
apodo/n/arg_b0300/32632,13
apodo/n/col_b1393/25198,13
apodo/n/per_g0098/42602,13
apodo/n/spa_b1660/54678,13
apodo/n/mex_g0634/46480,13
apodo/n/per_g0076/39432,13
mote/n/spa_g1032/47174,-1
apodo/n/usa_g0430/38011,13
mote/n/col_b1398/20411,13
apodo/n/arg_b0138/36140,13
apodo/n/spa_g1236/16154,9
sobrenombre/n/spa_g3254/45524,13
apodo/n/arg_b0787/23654,13
sobrenombre/n/col_g0956/55238,13
mote/n/per_b1001/13433,13
mote/n/mex_g0126/43348,13
apodo/n/arg_g0261/34394,13
apodo/n/usa_b0934/17874,13
sobrenombre/n/mex_b1013/33618,13
apodo/n/per_g0421/2804,13
sobrenombre/n/col_b0981/1224,2
apodo/n/arg_b1073/31958,13
mote/n/col_b1110/8790,13
apodo/n/arg_g0598/10861,8
apodo/n/spa_g0126/47193,13
apodo/n/spa_b4541/47485,13
apodo/n/per_g0650/5909,11
apodo/n/per_b0280/57263,13
apodo/n/spa_b1578/57417,12
sobrenombre/n/per_b0340/40752,8
mote/n/per_g0116/22147,13
mote/n/arg_b1517/35997,13
apodo/n/per_b0294/10,13
apodo/n/arg_b0631/10708,2
mote/n/usa_g0617/48693,13
sobrenombre/n/mex_g1643/42900,13
mote/n/usa_b1001/21463,13
sobrenombre/n/usa_g0850/21194,13
apodo/n/spa_g1682/12033,13
sobrenombre/n/arg_b0028/27117,13
apodo/n/spa_b0682/16301,13
mote/n/col_b0196/47088,13
apodo/n/spa_b4411/53902,13
mote/n/col_g0899/47133,13
mote/n/arg_b0648/24608,13
apodo/n/spa_b4168/20830,13
apodo/n/spa_b3023/32158,0
remoquete/n/col_b0329/55715,13
apodo/n/col_g0364/3388,8
apodo/n/mex_b0273/752,13
apodo/n/per_b0471/33020,13
mote/n/mex_b1517/36173,13
sobrenombre/n/usa_g0757/52050,13
mote/n/col_b0154/56263,13
apodo/n/arg_g0261/34416,13
apodo/n/per_g0284/51824,7
sobrenombre/n/usa_b1036/19942,13
mote/n/arg_b1294/49684,12
apodo/n/spa_g1860/44499,13
apodo/n/spa_g0520/36180,3
mote/n/col_g0767/35834,13
mote/n/arg_g0399/21272,13
apodo/n/mex_g1153/29400,13
sobrenombre/n/spa_g1112/16708,13
apodo/n/usa_g0248/40722,0
sobrenombre/n/spa_b2716/23889,13
apodo/n/usa_b0255/6397,13
apodo/n/arg_b1464/36878,13
mote/n/per_g0795/25098,13
apodo/n/per_b0307/16723,4
apodo/n/per_b0746/62,13
apodo/n/arg_g1591/56036,13
apodo/n/per_b0471/4171,13
mote/n/per_b0165/17957,13
apodo/n/mex_g0464/22686,13
apodo/n/mex_g0692/47737,14
apodo/n/mex_b1489/22818,13
apodo/n/arg_g1325/11525,13
apodo/n/usa_g0757/32593,13
apodo/n/usa_g0504/11468,13
mote/n/spa_b1539/44633,13
apodo/n/col_b1158/15026,13
apodo/n/col_g1607/2584,13
apodo/n/arg_g1260/7257,7
sobrenombre/n/spa_g3231/44775,13
sobrenombre/n/col_b0102/27902,13
mote/n/arg_b0993/45628,13
mote/n/arg_b0500/30308,13
mote/n/col_b0648/43382,13
mote/n/mex_g0099/32386,6
sobrenombre/n/mex_b2285/21681,11
sobrenombre/n/col_g1048/8872,13
sobrenombre/n/col_b0893/10590,13
apodo/n/spa_g0644/29449,13
apodo/n/mex_b1489/22314,6
apodo/n/spa_g3791/17254,13
apodo/n/col_b0443/29438,13
mote/n/mex_g0343/18028,13
mote/n/arg_b0174/4441,13
mote/n/per_g0140/57809,13
sobrenombre/n/arg_b1439/54998,3
mote/n/arg_b1495/3149,13
apodo/n/arg_g0261/33753,13
sobrenombre/n/usa_b0826/48516,13
mote/n/spa_b4411/54151,13
apodo/n/col_b1467/43824,13
apodo/n/usa_b0264/18885,14
apodo/n/usa_g0757/32565,13
sobrenombre/n/per_b0186/22666,13
sobrenombre/n/col_b0259/34077,13
sobrenombre/n/arg_g0388/3721,-1
apodo/n/arg_b0551/12025,13
apodo/n/per_g0438/26686,13
sobrenombre/n/per_b0130/30010,13
apodo/n/mex_g0762/8462,13
sobrenombre/n/per_g0644/6120,13
sobrenombre/n/mex_b0229/1550,13
apodo/n/mex_b0690/40642,13
apodo/n/mex_g1829/10974,13
mote/n/arg_b0270/12203,13
apodo/n/per_g0109/5377,13
apodo/n/col_b1372/57669,13
apodo/n/spa_g1283/4642,13
sobrenombre/n/per_g0486/9364,13
sobrenombre/n/mex_b0422/11100,13
mote/n/spa_b0364/56002,13
apodo/n/per_b0422/50015,13
apodo/n/spa_g2263/37828,12
mote/n/per_b0288/19776,13
apodo/n/arg_b1309/41216,13
mote/n/per_g0140/57877,13
apodo/n/per_b0287/45091,13
apodo/n/col_b0757/12261,13
apodo/n/mex_b2195/6561,13
apodo/n/per_b1142/1320,13
apodo/n/mex_b2058/22243,13
apodo/n/arg_g0232/55210,13
apodo/n/per_b0951/54288,13
sobrenombre/n/arg_b0004/25640,13
apodo/n/col_b0538/32020,13
apodo/n/arg_b0115/26769,13
apodo/n/spa_g3254/48593,13
mote/n/arg_g0621/27781,13
apodo/n/per_g0407/55438,14
mote/n/usa_b1422/1534,13
mote/n/arg_g1120/29638,13
mote/n/mex_g0889/1237,12
apodo/n/spa_b1196/38357,13
apodo/n/col_g1058/44912,14
sobrenombre/n/mex_g0681/10758,7
apodo/n/arg_b1574/38806,13
sobrenombre/n/per_g0807/8041,13
mote/n/col_b0154/54951,13
apodo/n/per_b0496/6865,6
mote/n/arg_b1205/39205,13
apodo/n/col_g1532/22345,13
apodo/n/mex_g2465/50929,13
apodo/n/arg_b1517/16619,13
mote/n/arg_b0861/30285,13
sobrenombre/n/spa_g0776/38640,13
apodo/n/spa_g0349/2886,9
mote/n/per_b0314/14868,13
sobrenombre/n/mex_g0006/41546,13
apodo/n/spa_b0371/26816,13
apodo/n/arg_g0261/34552,13
apodo/n/spa_b4211/42510,13
apodo/n/usa_b1443/504,13
sobrenombre/n/col_b0893/9266,13
sobrenombre/n/col_b1007/21910,13
apodo/n/per_b0341/1657,13
mote/n/usa_b1320/26208,13
mote/n/mex_g2093/50817,6
apodo/n/per_b0761/14718,4
apodo/n/per_b1007/35263,4
apodo/n/col_b1150/7409,13
apodo/n/col_b0472/26176,13
mote/n/spa_g2034/81699,2
mote/n/usa_b0264/18854,13
apodo/n/per_b0565/35762,13
apodo/n/per_b0778/56970,13
apodo/n/per_b0340/28296,6
apodo/n/mex_b0565/8291,13
apodo/n/mex_b1731/59895,13
sobrenombre/n/col_g0316/37193,13
apodo/n/arg_g0261/33551,13
apodo/n/usa_g1420/27134,7
apodo/n/usa_b0034/49862,13
apodo/n/per_b1022/53060,13
apodo/n/per_g0560/51764,13
apodo/n/col_b1393/25272,13
mote/n/arg_b0291/30975,13
mote/n/arg_b0816/54984,13
mote/n/per_b0894/4704,13
mote/n/col_b0154/56358,13
apodo/n/mex_g2093/3142,13
apodo/n/usa_b1132/4810,13
apodo/n/col_g0727/6023,13
apodo/n/mex_b1489/22546,13
apodo/n/usa_b1357/40467,13
apodo/n/per_g0694/22070,13
apodo/n/col_b0009/43352,13
apodo/n/spa_g1506/54569,9
sobrenombre/n/usa_g1312/11118,6
apodo/n/col_g1208/23787,13
apodo/n/arg_g0261/34830,13
apodo/n/spa_g1072/37031,13
mote/n/usa_b0453/1443,13
sobrenombre/n/per_g0765/54739,13
sobrenombre/n/arg_g1561/57081,13
apodo/n/usa_b1398/24232,13
sobrenombre/n/per_g0644/6078,13
apodo/n/usa_b0581/42558,0
sobrenombre/n/spa_b0682/17572,13
apodo/n/col_b0376/23106,13
apodo/n/mex_b1809/56606,13
apodo/n/arg_g0450/58722,13
mote/n/usa_g0580/3005,13
apodo/n/col_g0986/3660,2
apodo/n/per_b1208/3314,13
apodo/n/spa_g3556/38140,9
apodo/n/usa_b0426/11728,13
apodo/n/mex_b0554/23420,13
apodo/n/per_g0690/45526,13
apodo/n/per_b0739/12305,4
sobrenombre/n/arg_b1308/7820,8
apodo/n/arg_g0881/51704,13
apodo/n/spa_b0289/59862,13
sobrenombre/n/per_g0330/51378,13
apodo/n/arg_g0261/33813,13
sobrenombre/n/mex_g1861/57264,13
apodo/n/usa_g0287/37056,13
apodo/n/mex_g1492/11385,-1
sobrenombre/n/spa_b3026/26646,14
apodo/n/col_b1301/21614,13
apodo/n/usa_g0402/10047,13
apodo/n/per_b0496/23959,4
sobrenombre/n/mex_b0727/18226,13
sobrenombre/n/arg_g1220/21350,13
sobrenombre/n/mex_g1803/45555,13
apodo/n/col_b0376/56202,7
mote/n/col_b0154/54935,13
apodo/n/mex_g0027/10726,13
mote/n/spa_b0521/36073,13
sobrenombre/n/usa_b0011/17016,13
mote/n/arg_g1504/18136,13
apodo/n/usa_b0656/40364,13
apodo/n/col_g0997/52307,13
apodo/n/per_g0280/34625,13
sobrenombre/n/arg_g1503/18339,13
apodo/n/spa_g3720/36947,13
apodo/n/arg_b0888/27651,13
apodo/n/mex_b1252/32799,13
apodo/n/col_b1009/27510,13
mote/n/spa_b1837/16930,13
mote/n/spa_g1447/10546,13
apodo/n/mex_g1001/5855,2
apodo/n/spa_g0173/40145,13
apodo/n/spa_g3264/7791,3
apodo/n/usa_g0248/69392,10
apodo/n/mex_b2046/22797,13
sobrenombre/n/col_g1105/20784,13
apodo/n/usa_b1225/11453,13
apodo/n/per_g0076/19786,2
apodo/n/usa_b1357/9816,13
sobrenombre/n/usa_b0007/5968,13
apodo/n/per_b1112/17925,13
apodo/n/col_g1376/43269,13
apodo/n/per_b0613/30226,4
mote/n/spa_g2034/77283,2
apodo/n/mex_g2465/50461,13
apodo/n/mex_g2465/50850,13
apodo/n/usa_g0170/46966,13
apodo/n/per_g0641/41829,13
apodo/n/per_b1229/7727,13
apodo/n/per_g0500/5146,13
apodo/n/usa_b0426/11715,13
mote/n/per_g0500/41396,13
apodo/n/mex_g0255/4255,8
mote/n/spa_g0658/22042,13
apodo/n/mex_b0069/19649,13
mote/n/col_b0318/11699,13
sobrenombre/n/col_g1064/14466,13
sobrenombre/n/mex_g0996/55417,13
sobrenombre/n/usa_b0228/26463,13
apodo/n/usa_g1684/9495,13
mote/n/arg_b0239/34604,13
mote/n/usa_b1508/25443,13
mote/n/col_b0154/56298,13
apodo/n/arg_b1139/25631,13
apodo/n/arg_b1068/16903,13
apodo/n/arg_b0886/26068,13
apodo/n/arg_g0261/33959,13
sobrenombre/n/per_b0489/43313,13
mote/n/col_b0196/167,13
apodo/n/per_b0730/41591,13
apodo/n/col_g1116/4250,13
apodo/n/mex_g0889/10552,13
apodo/n/per_g0543/34076,13
apodo/n/col_b0421/39961,13
sobrenombre/n/arg_g1776/22040,13
apodo/n/per_b0496/6874,6
apodo/n/per_g0883/51032,14
apodo/n/mex_g2465/50442,13
sobrenombre/n/spa_g0772/29197,13
apodo/n/mex_g0205/31037,13
mote/n/mex_b1814/7956,13
sobrenombre/n/mex_g1861/48251,13
mote/n/per_b0280/41047,13
mote/n/per_g0264/43469,2
mote/n/usa_g0757/32567,6
apodo/n/arg_g1282/16834,13
sobrenombre/n/per_b0287/35046,13
apodo/n/col_b0564/7418,13
apodo/n/per_g0215/7358,13
apodo/n/per_b1009/30881,13
mote/n/usa_b1195/47203,0
mote/n/col_b0154/56236,13
sobrenombre/n/arg_b0228/36675,13
apodo/n/col_b0318/38990,13
apodo/n/mex_g2234/19473,13
apodo/n/usa_g0624/6362,13
sobrenombre/n/mex_g0086/50586,13
apodo/n/col_g1464/27290,-1
apodo/n/per_g0716/16472,13
apodo/n/per_g0288/10581,13
apodo/n/per_b1149/35217,4
apodo/n/per_g0165/32451,13
apodo/n/mex_g1018/28863,13
apodo/n/mex_g0230/35347,13
apodo/n/per_b0158/3842,12
apodo/n/per_b1208/3361,0
apodo/n/mex_g1766/7375,13
apodo/n/per_g0535/54808,13
apodo/n/per_g0285/34420,13
apodo/n/per_b0408/47206,13
apodo/n/usa_b1536/27036,12
apodo/n/mex_b1597/36578,13
apodo/n/spa_b0682/17539,13
mote/n/usa_g0625/50043,13
apodo/n/per_g0142/100776,13
sobrenombre/n/per_b0102/42145,13
apodo/n/spa_g3349/5105,3
apodo/n/usa_g0337/29292,8
apodo/n/arg_b0625/7412,13
apodo/n/usa_b0699/11353,13
sobrenombre/n/per_b0026/29629,13
sobrenombre/n/per_g0083/2240,6
sobrenombre/n/usa_g0273/15013,10
apodo/n/mex_b1489/22740,13
apodo/n/arg_b0097/7117,13
apodo/n/per_b0496/8958,13
apodo/n/col_b0548/51586,13
apodo/n/per_b0314/41575,13
apodo/n/spa_b0565/15807,-1
apodo/n/spa_b4337/1925,13
sobrenombre/n/col_b1485/50724,13
sobrenombre/n/spa_g3720/36753,13
mote/n/mex_b1489/22722,1
apodo/n/per_b0677/54331,13
mote/n/mex_b1189/42094,13
sobrenombre/n/col_g0272/39350,6
mote/n/per_g0165/12687,13
apodo/n/usa_b0325/15234,13
remoquete/n/mex_g2465/35071,13
mote/n/per_b0503/26021,13
sobrenombre/n/usa_g1467/25803,13
apodo/n/usa_b0218/10864,7
apodo/n/per_b0855/7785,0
sobrenombre/n/mex_b0883/17770,13
apodo/n/usa_b0340/30892,7
apodo/n/col_b1319/9592,13
apodo/n/per_b1190/15243,4
apodo/n/col_b1124/26261,13
apodo/n/per_b0024/36462,13
apodo/n/per_b0340/28302,6
apodo/n/per_g0765/30816,13
apodo/n/spa_g3378/11313,8
sobrenombre/n/mex_b0913/17552,13
mote/n/spa_b0826/43613,13
sobrenombre/n/col_b0893/11616,13
apodo/n/usa_g1408/18407,13
apodo/n/spa_g3215/39418,9
apodo/n/arg_b1322/42814,13
apodo/n/usa_b0724/38267,14
mote/n/per_b1071/16302,13
apodo/n/spa_g1054/46852,14
apodo/n/spa_b2113/3309,13
apodo/n/mex_b0132/31758,13
apodo/n/per_g0402/1905,13
apodo/n/col_g0802/43622,13
sobrenombre/n/per_g0601/26286,11
apodo/n/per_b0752/34646,13
mote/n/col_g1327/14270,13
mote/n/usa_b0202/3772,13
sobrenombre/n/usa_g0530/1239,13
sobrenombre/n/spa_g3718/39455,13
sobrenombre/n/spa_g3077/30876,13
sobrenombre/n/arg_b1364/31083,13
apodo/n/per_b0832/532,8
sobrenombre/n/mex_g0876/13756,13
apodo/n/spa_g0975/29037,13
mote/n/col_b0154/56251,13
apodo/n/arg_b0363/43302,13
mote/n/col_b1110/8818,13
sobrenombre/n/col_b0902/24673,13
apodo/n/col_g1231/55460,13
sobrenombre/n/col_g0793/56026,13
sobrenombre/n/arg_g0976/2432,9
apodo/n/mex_b1809/56299,13
apodo/n/per_b0842/18961,4
mote/n/per_b0123/7662,13
apodo/n/spa_g3720/36541,13
remoquete/n/usa_b0581/14751,13
apodo/n/per_b0117/39268,0
sobrenombre/n/col_b1511/11182,13
apodo/n/arg_b0424/55468,13
apodo/n/mex_b1486/12657,13
sobrenombre/n/spa_g0811/22657,13
apodo/n/spa_g0144/32631,3
apodo/n/spa_g2476/12169,13
mote/n/usa_g0625/51473,13
apodo/n/usa_b1064/24083,12
apodo/n/mex_g2465/50708,13
mote/n/col_g1381/32281,13
sobrenombre/n/usa_b0022/35885,13
apodo/n/usa_g0190/45334,5
mote/n/arg_g1278/54277,13
apodo/n/per_g0233/5218,13
apodo/n/spa_g0644/29292,13
apodo/n/per_b1101/23426,11
sobrenombre/n/spa_b4356/60596,13
apodo/n/arg_g0261/34444,13
apodo/n/mex_b1312/21020,13
mote/n/usa_b0224/9301,13
mote/n/per_b0471/42679,13
apodo/n/mex_g1137/31844,13
sobrenombre/n/arg_b1364/31226,13
apodo/n/arg_b1175/27579,13
sobrenombre/n/arg_b0103/22368,13
apodo/n/spa_b1608/26836,9
apodo/n/per_g0874/38794,14
apodo/n/arg_g0402/8520,13
apodo/n/spa_g0394/16866,13
apodo/n/mex_g0630/49255,13
sobrenombre/n/usa_b0620/4800,13
apodo/n/arg_b0228/53461,8
sobrenombre/n/spa_b2159/56005,13
apodo/n/col_b1485/50914,1
apodo/n/mex_b1784/54779,13
mote/n/mex_g0973/25957,13
mote/n/col_b0154/55847,13
mote/n/arg_b1439/4043,13
sobrenombre/n/per_b1112/49640,13
apodo/n/usa_b1064/49161,13
apodo/n/per_b0042/55220,10
mote/n/per_g0070/19202,13
apodo/n/col_g0997/52213,13
apodo/n/col_b0757/12017,13
sobrenombre/n/per_b0178/16539,13
apodo/n/col_g1209/17220,13
mote/n/mex_b0886/30584,13
apodo/n/arg_b0286/23,13
apodo/n/per_b0859/19793,4
sobrenombre/n/col_b1411/18829,13
sobrenombre/n/spa_b2642/14264,11
sobrenombre/n/spa_b0366/31731,13
apodo/n/per_g0215/6878,13
mote/n/per_b0223/12704,13
sobrenombre/n/col_b1516/39733,13
apodo/n/usa_g0147/18580,2
apodo/n/spa_b3819/49477,2
sobrenombre/n/spa_g3023/50089,13
apodo/n/spa_g3441/34793,3
sobrenombre/n/mex_g1829/4891,13
apodo/n/usa_b0560/48417,6
apodo/n/arg_g0544/23410,1
mote/n/per_b0933/11207,13
mote/n/col_b0154/55559,13
sobrenombre/n/spa_b1146/46278,13
sobrenombre/n/mex_g1861/49855,13
apodo/n/arg_g1729/17664,13
apodo/n/mex_g0402/13915,13
apodo/n/per_g0165/32402,13
apodo/n/arg_g1471/17218,13
mote/n/spa_g2034/79084,2
apodo/n/col_b0810/38404,13
apodo/n/mex_b0389/26330,10
apodo/n/per_g0191/42801,14
apodo/n/arg_g0645/23158,13
apodo/n/arg_g0763/48888,13
mote/n/arg_b1116/16442,13
apodo/n/arg_g1561/8155,13
apodo/n/per_b0642/59590,13
apodo/n/mex_b1809/56229,13
apodo/n/per_b0330/48078,12
mote/n/arg_b0648/24616,13
apodo/n/mex_b1936/23851,13
sobrenombre/n/usa_b0964/40939,13
apodo/n/per_g0215/7886,13
sobrenombre/n/arg_b0957/60472,12
apodo/n/usa_b0197/46758,13
mote/n/spa_b0095/28851,13
mote/n/col_b0154/55292,13
apodo/n/spa_b2597/58999,13
apodo/n/per_b1242/25461,4
apodo/n/col_b0484/17572,6
apodo/n/arg_g1183/39273,13
sobrenombre/n/mex_g2476/54390,13
mote/n/arg_b1291/37697,13
mote/n/mex_g1526/42877,13
apodo/n/usa_g0770/83432,13
sobrenombre/n/per_b1209/59229,-1
apodo/n/arg_b0043/3398,13
sobrenombre/n/spa_g0033/6847,13
apodo/n/col_g0368/46629,13
remoquete/n/col_b0963/36886,13
sobrenombre/n/mex_b2181/12717,13
apodo/n/mex_b1489/23285,1
mote/n/per_b0356/43999,13
apodo/n/per_g0604/12379,13
apodo/n/arg_b0400/23368,13
apodo/n/mex_b2004/32978,14
apodo/n/spa_g3844/32273,3
apodo/n/spa_b3099/59151,13
sobrenombre/n/col_b0904/3363,13
apodo/n/arg_b0888/28264,13
mote/n/col_b0902/5578,13
sobrenombre/n/spa_g2329/35954,13
apodo/n/mex_b0426/32159,13
apodo/n/spa_b2858/17283,13
sobrenombre/n/col_b0835/47902,13
mote/n/per_b0930/28548,13
apodo/n/mex_g2465/50827,2
sobrenombre/n/mex_b1872/39532,13
sobrenombre/n/usa_b1155/18031,13
apodo/n/usa_g0170/47737,13
sobrenombre/n/mex_g1804/1963,13
sobrenombre/n/per_g0402/1907,6
apodo/n/usa_b1456/56648,13
apodo/n/mex_b0244/46704,8
apodo/n/mex_b1108/18701,13
apodo/n/spa_g1165/31215,13
apodo/n/arg_b0803/19640,13
apodo/n/spa_g0173/48526,5
mote/n/spa_b1837/16626,13
sobrenombre/n/arg_b0004/25676,13
apodo/n/mex_g0244/49026,13
sobrenombre/n/usa_g1620/43984,13
apodo/n/spa_b2070/30367,0
apodo/n/usa_b1514/27485,13
mote/n/col_b0154/56160,13
apodo/n/mex_g0996/56089,13
mote/n/usa_b1086/50422,13
apodo/n/col_b1217/36939,13
mote/n/arg_g0938/17634,13
sobrenombre/n/col_b1594/52375,13
apodo/n/spa_g0402/48088,13
apodo/n/mex_g0433/18519,13
sobrenombre/n/arg_b0228/37322,13
apodo/n/usa_b1490/8490,13
sobrenombre/n/col_b1464/4097,13
mote/n/arg_b0116/4599,13
sobrenombre/n/spa_g1460/16223,13
sobrenombre/n/col_g1431/43926,13
apodo/n/col_b0444/58511,13
mote/n/per_g0569/27998,13
mote/n/col_b0154/55679,13
apodo/n/per_g0503/18021,13
apodo/n/usa_b0415/53033,12
apodo/n/mex_g0831/14202,13
sobrenombre/n/spa_b1859/33867,13
apodo/n/arg_b1364/30842,13
apodo/n/usa_g1284/7245,13
mote/n/mex_b1145/43054,13
apodo/n/per_g0367/53100,13
sobrenombre/n/arg_g0196/7788,13
mote/n/spa_g2034/82933,-1
apodo/n/per_g0587/46041,13
sobrenombre/n/mex_g0852/40514,13
mote/n/per_b0354/23007,13
apodo/n/per_g0083/2243,13
sobrenombre/n/per_g0076/39600,13
mote/n/per_g0165/23977,13
apodo/n/per_b0399/15190,13
sobrenombre/n/arg_b1308/6029,13
apodo/n/per_g0022/55359,13
apodo/n/usa_g1099/34522,6
sobrenombre/n/arg_g1493/33460,13
apodo/n/arg_b0200/7302,13
apodo/n/spa_g1267/1317,3
apodo/n/arg_g0012/5349,13
apodo/n/arg_b0645/52484,13
sobrenombre/n/arg_g1105/743,13
apodo/n/col_b1160/29067,13
mote/n/col_g0732/49022,8
mote/n/per_g0165/53225,13
mote/n/per_g0504/36822,13
apodo/n/arg_b0174/46709,10
mote/n/col_g0272/39647,2
sobrenombre/n/usa_g0248/10908,13
apodo/n/mex_b1809/56674,13
mote/n/col_b0154/56178,13
sobrenombre/n/col_g0570/43477,7
sobrenombre/n/col_b0893/7987,13
mote/n/mex_g0283/14329,13
mote/n/usa_b1289/44147,13
apodo/n/mex_b0084/14583,13
apodo/n/per_g0842/28198,14
apodo/n/arg_b0888/27612,13
apodo/n/usa_b0575/50095,14
mote/n/spa_b0371/48416,0
sobrenombre/n/col_g1281/14591,13
apodo/n/arg_g0078/5330,13
apodo/n/mex_b1177/30299,9
sobrenombre/n/per_b0613/38022,13
mote/n/usa_b1441/31626,13
mote/n/per_g0771/13971,13
apodo/n/col_b0683/50873,13
apodo/n/col_g0404/15444,13
sobrenombre/n/mex_b2251/12067,13
apodo/n/arg_g0865/51770,13
mote/n/arg_g0201/50330,13
mote/n/arg_b0910/10125,13
apodo/n/mex_g0796/42370,13
sobrenombre/n/spa_g3857/110472,13
apodo/n/per_b0758/33295,2
sobrenombre/n/arg_b1364/32110,1
sobrenombre/n/arg_b0394/2708,13
sobrenombre/n/mex_b0827/56589,1
apodo/n/col_b1128/43230,13
apodo/n/per_g0870/52684,13
apodo/n/arg_b0915/50729,1
mote/n/spa_g1370/57390,13
apodo/n/usa_g0770/79318,13
apodo/n/spa_g0407/56224,3
remoquete/n/col_g0314/13008,13
sobrenombre/n/arg_g1044/45545,3
apodo/n/spa_b2305/29563,13
apodo/n/col_g0971/15855,13
apodo/n/usa_g1512/12315,13
sobrenombre/n/arg_b1364/31599,13
apodo/n/per_b0752/19306,13
sobrenombre/n/usa_b1536/33775,13
apodo/n/spa_g2476/12265,9
mote/n/per_b1209/59231,6
apodo/n/spa_g3720/36558,13
apodo/n/spa_b2113/3266,13
apodo/n/spa_g2643/7160,13
apodo/n/arg_b0004/52522,13
apodo/n/per_g0804/13022,13
mote/n/mex_g1632/9836,13
sobrenombre/n/usa_g0429/41403,13
sobrenombre/n/usa_g0295/11179,12
sobrenombre/n/col_b0902/25088,0
apodo/n/arg_g0450/23463,13
mote/n/arg_b1458/4466,13
mote/n/usa_b1086/50186,13
apodo/n/per_b0287/44689,13
sobrenombre/n/spa_b1493/59380,13
apodo/n/arg_g0261/33734,13
sobrenombre/n/spa_b2716/31961,13
mote/n/mex_g0774/42059,13
mote/n/usa_b0367/53109,13
apodo/n/spa_b1467/26532,13
apodo/n/usa_b0943/43196,14
remoquete/n/col_b0941/13648,13
mote/n/per_g0529/41781,-1
apodo/n/mex_b0451/46455,13
sobrenombre/n/spa_b0682/16334,13
apodo/n/mex_b1814/12431,13
apodo/n/spa_g0572/40109,9
apodo/n/arg_g0525/39082,13
apodo/n/per_b0872/26058,13
apodo/n/per_b0984/11154,12
apodo/n/mex_g2483/35816,13
apodo/n/per_b0449/40582,4
sobrenombre/n/spa_g3720/37069,12
apodo/n/per_g0451/17011,1
apodo/n/mex_b2004/24553,13
mote/n/arg_g0865/29859,13
apodo/n/arg_b0114/63293,13
mote/n/per_b1229/38436,13
mote/n/mex_b0646/61410,13
sobrenombre/n/per_b0845/13658,8
apodo/n/arg_g0508/31456,13
apodo/n/spa_b0310/23333,12
apodo/n/arg_b1496/49941,2
apodo/n/col_b0031/30467,13
apodo/n/per_g0276/26736,13
mote/n/mex_b1489/22644,13
apodo/n/usa_b0067/31948,13
apodo/n/spa_b2272/16790,13
sobrenombre/n/per_b0167/30535,7
sobrenombre/n/spa_g3857/110067,8
mote/n/per_b1174/4268,13
mote/n/mex_g1738/19036,13
apodo/n/col_g0997/52243,2
sobrenombre/n/col_b1502/7334,13
sobrenombre/n/per_b0196/36012,13
sobrenombre/n/spa_b0364/44272,13
mote/n/mex_g2100/41692,13
apodo/n/spa_g2321/47037,5
apodo/n/per_b1237/58307,13
apodo/n/col_g1270/37188,13
sobrenombre/n/spa_g2514/8922,13
apodo/n/spa_g1152/17253,5
apodo/n/per_b0555/39969,6
apodo/n/per_g0520/48722,13
apodo/n/per_g0178/39635,13
mote/n/col_b0680/53424,13
apodo/n/col_b0356/19520,13
apodo/n/usa_b0560/48409,6
apodo/n/spa_b3674/20230,2
apodo/n/spa_g1682/10837,13
apodo/n/spa_g2026/54831,3
mote/n/usa_b0099/3780,13
apodo/n/arg_b1068/12751,13
mote/n/mex_b1412/59817,13
apodo/n/col_b0154/11606,14
mote/n/mex_b0718/51717,13
apodo/n/spa_g1961/57201,3
sobrenombre/n/arg_b1360/5880,11
apodo/n/mex_b0049/34087,13
mote/n/mex_g0397/49948,13
mote/n/per_g0165/26572,13
apodo/n/per_b0471/31074,13
apodo/n/per_b0905/40006,13
apodo/n/col_b1485/51212,13
apodo/n/arg_b0208/10407,13
apodo/n/arg_b0394/6934,13
apodo/n/col_b0267/2189,13
apodo/n/usa_g0633/11106,8
mote/n/col_g0668/41996,13
sobrenombre/n/arg_b1364/30512,13
apodo/n/mex_g0039/17253,13
apodo/n/arg_g1133/23150,12
apodo/n/arg_b0256/54942,13
apodo/n/arg_g0261/34766,13
apodo/n/col_b0421/39038,13
apodo/n/spa_b1802/6291,13
apodo/n/mex_b0554/23656,13
apodo/n/arg_g0331/27750,13
sobrenombre/n/arg_g0714/6778,13
mote/n/per_b1229/38411,13
apodo/n/usa_b1490/47513,13
apodo/n/mex_g0255/39313,13
sobrenombre/n/mex_g1861/48953,13
apodo/n/spa_b2476/13077,13
sobrenombre/n/mex_b0060/42808,13
sobrenombre/n/spa_g3857/111717,11
apodo/n/col_b1368/18721,13
apodo/n/per_b0715/39412,13
apodo/n/spa_b1620/50770,13
apodo/n/usa_b0541/50407,13
apodo/n/mex_b0458/30310,13
mote/n/mex_g0875/43740,13
mote/n/usa_g0625/51320,13
apodo/n/mex_b1613/44672,13
sobrenombre/n/mex_g2423/11298,13
apodo/n/per_g0787/37555,0
mote/n/per_b0756/8720,13
apodo/n/per_b0863/21799,12
apodo/n/col_g1381/50417,13
apodo/n/mex_b0718/51771,13
apodo/n/mex_b0787/50632,13
apodo/n/mex_g1018/27666,13
apodo/n/arg_b0270/50390,13
apodo/n/spa_b1670/12022,13
mote/n/col_g1358/55193,13
sobrenombre/n/mex_g0818/38147,13
mote/n/mex_g0532/8821,2
sobrenombre/n/col_b1324/33795,0
apodo/n/arg_b0909/6809,13
apodo/n/arg_g0261/33086,14
mote/n/arg_b0064/48215,13
apodo/n/col_b1393/25235,13
apodo/n/arg_g0620/30119,13
sobrenombre/n/usa_b0808/31471,13
apodo/n/spa_b3819/49404,13
apodo/n/arg_b1309/41234,8
apodo/n/per_g0672/48707,13
apodo/n/mex_g1439/32784,13
apodo/n/arg_g0261/33135,6
apodo/n/usa_g1256/54315,13
apodo/n/mex_b1489/22491,13
apodo/n/mex_b1252/28726,13
apodo/n/usa_g1544/6832,7
sobrenombre/n/per_g0298/39589,13
sobrenombre/n/col_b0154/41713,13
mote/n/usa_b0663/34435,13
remoquete/n/col_b0459/43069,13
mote/n/arg_b1050/51055,13
apodo/n/per_g0001/18669,2
apodo/n/mex_g0244/51042,13
sobrenombre/n/per_b0661/5885,13
apodo/n/col_g0272/39347,13
mote/n/col_g0127/37509,13
apodo/n/mex_b1894/31892,13
mote/n/per_b0401/31847,13
mote/n/col_b0318/11727,13
apodo/n/spa_g2298/42207,9
mote/n/per_b1229/38401,13
apodo/n/arg_g1471/4277,13
sobrenombre/n/spa_b1578/56927,13
apodo/n/mex_b1626/37872,13
mote/n/col_b0154/56603,13
sobrenombre/n/col_b0262/31066,13
apodo/n/mex_b1177/31253,13
apodo/n/per_g0561/14466,13
apodo/n/col_g0386/8065,13
sobrenombre/n/col_b1301/27219,13
apodo/n/mex_b1279/12493,12
sobrenombre/n/per_g0601/21053,13
sobrenombre/n/mex_b1601/48371,13
apodo/n/usa_b1151/10771,13
sobrenombre/n/arg_g0645/4911,2
apodo/n/per_g0407/3725,13
sobrenombre/n/mex_g1170/37568,13
sobrenombre/n/usa_g1453/8272,13
apodo/n/col_b1392/49578,13
apodo/n/mex_g1951/52132,8
mote/n/per_g0116/21948,13
apodo/n/per_b0449/29275,13
apodo/n/per_b0489/43708,13
apodo/n/mex_g1804/1911,5
apodo/n/per_g0504/58322,13
apodo/n/per_b1022/52925,13
sobrenombre/n/col_b1368/18723,6
mote/n/spa_g2034/81656,2
apodo/n/per_b0983/33415,6
mote/n/arg_b1308/62247,13
mote/n/mex_b1562/27954,13
mote/n/mex_b1448/41061,13
mote/n/col_b1110/8768,13
mote/n/col_b0849/42601,13
apodo/n/per_g0810/48404,13
apodo/n/arg_b1112/6997,13
apodo/n/arg_b0336/4515,1
apodo/n/usa_g0627/14786,13
apodo/n/usa_b1054/19415,12
sobrenombre/n/col_b1097/18031,13
apodo/n/per_b0983/33408,6
apodo/n/mex_g2465/50496,13
apodo/n/per_g0502/45584,13
apodo/n/arg_g0261/34536,13
sobrenombre/n/usa_g1029/47401,14
apodo/n/usa_b0410/34644,13
apodo/n/arg_g0080/16883,13
sobrenombre/n/mex_g1222/30885,13
mote/n/arg_g0976/41549,-1
apodo/n/usa_g1493/30763,13
sobrenombre/n/spa_g1165/16078,13
sobrenombre/n/mex_g2170/22171,13
apodo/n/arg_g0390/32178,13
mote/n/usa_b0035/15861,13
apodo/n/usa_g0648/13317,13
apodo/n/col_b1235/53588,5
sobrenombre/n/per_b0489/43985,13
apodo/n/usa_b0034/40431,13
mote/n/per_g0140/39712,13
apodo/n/mex_b1809/56368,13
apodo/n/spa_b0565/15600,13
apodo/n/per_b0449/8987,4
apodo/n/mex_g2465/50729,13
apodo/n/usa_g1006/58765,5
apodo/n/mex_g1170/5436,13
apodo/n/per_g0587/57513,13
apodo/n/usa_g0074/14046,13
apodo/n/per_b0432/47367,13
apodo/n/per_g0477/23138,13
apodo/n/mex_g2100/55486,13
sobrenombre/n/per_g0130/1119,13
apodo/n/arg_b1426/41624,13
apodo/n/mex_b0554/23467,13
apodo/n/mex_b0132/32568,13
apodo/n/col_g0272/39449,13
apodo/n/arg_g1046/9520,13
mote/n/col_g0272/39785,13
mote/n/mex_b1440/21017,13
apodo/n/mex_g2093/50814,13
sobrenombre/n/spa_g3465/45261,12
mote/n/usa_b1132/54021,7
sobrenombre/n/arg_b0028/23197,13
apodo/n/col_g1058/44876,13
apodo/n/col_g0545/11015,13
apodo/n/per_g0804/13154,13
mote/n/per_g0390/18400,13
apodo/n/spa_g3566/42145,13
apodo/n/arg_b0946/9759,13
sobrenombre/n/per_g0819/31601,12
mote/n/per_b0555/48838,13
sobrenombre/n/mex_g0144/53994,13
apodo/n/usa_b0802/12164,13
apodo/n/arg_b1518/28905,13
apodo/n/col_g0997/52862,8
mote/n/per_b0489/4646,13
apodo/n/arg_b1431/36223,13
mote/n/usa_b1413/54173,13
apodo/n/mex_b0817/47481,2
apodo/n/mex_b0132/31701,8
apodo/n/per_g0244/2247,13
apodo/n/mex_b1361/13889,13
mote/n/arg_b0918/25885,13
apodo/n/per_g0535/54783,13
apodo/n/per_b0099/32600,13
mote/n/mex_g1239/19273,11
apodo/n/per_b0177/48815,13
mote/n/arg_b1581/56394,13
sobrenombre/n/usa_b0560/45254,13
sobrenombre/n/spa_b1146/42368,13
apodo/n/arg_g0261/35044,13
apodo/n/per_g0376/49393,14
apodo/n/arg_g0382/28219,13
mote/n/col_g1517/32378,13
apodo/n/per_g0883/9748,13
apodo/n/col_g1495/48619,13
apodo/n/col_b1170/45151,11
mote/n/arg_b1364/30612,13
apodo/n/col_b0050/1858,10
sobrenombre/n/per_g0832/24977,13
sobrenombre/n/arg_g1318/37939,5
mote/n/spa_b2728/2871,13
apodo/n/usa_g0248/24683,10
apodo/n/usa_b0371/3362,2
apodo/n/per_b0422/41274,4
apodo/n/mex_b1489/22257,13
sobrenombre/n/arg_g1178/23914,12
mote/n/arg_b0137/52834,13
sobrenombre/n/col_g1171/32266,13
apodo/n/usa_g1420/26386,13
mote/n/col_b0356/43641,13
mote/n/col_b0069/18673,13
apodo/n/per_g0165/36407,13
apodo/n/col_b1128/12528,11
mote/n/mex_b1780/21618,13
apodo/n/usa_g0783/52491,11
apodo/n/usa_g0190/45294,13
remoquete/n/col_b0160/19930,13
sobrenombre/n/usa_g0292/47348,13
mote/n/per_g0430/38954,13
apodo/n/arg_b1029/42453,13
mote/n/per_g0838/28276,13
mote/n/spa_b3772/41656,13
apodo/n/col_b0012/48740,13
remoquete/n/per_b0314/43368,13
mote/n/arg_b0038/39994,13
mote/n/mex_b0132/31737,13
mote/n/mex_b1489/22893,-1
apodo/n/per_b0368/5702,4
apodo/n/per_b0083/27719,4
apodo/n/col_b1214/47111,12
mote/n/mex_b1489/22671,0
mote/n/col_b0154/56048,13
mote/n/per_b0603/31612,13
sobrenombre/n/usa_b1346/48086,13
mote/n/arg_g0954/59347,13
sobrenombre/n/mex_b1011/55509,13
apodo/n/col_g0272/39871,13
apodo/n/usa_b0846/55835,10
apodo/n/usa_b0464/32807,13
apodo/n/arg_g0971/39060,13
sobrenombre/n/arg_g0012/4263,13
mote/n/usa_b1320/26314,13
mote/n/col_b0225/16636,13
sobrenombre/n/col_b1488/4737,13
apodo/n/mex_b0762/25776,14
sobrenombre/n/spa_g3857/116128,14
apodo/n/arg_g1351/38135,12
apodo/n/usa_g1046/929,13
sobrenombre/n/mex_g2465/50510,13
apodo/n/usa_g0219/47237,13
mote/n/per_b0026/30257,13
sobrenombre/n/spa_g3254/52270,13
mote/n/usa_g1598/52526,13
apodo/n/arg_g0688/828,13
apodo/n/per_g0166/13777,-1
apodo/n/mex_b0827/56824,13
sobrenombre/n/arg_b0536/52457,13
apodo/n/usa_g0998/16772,14
sobrenombre/n/per_b0489/43710,6
apodo/n/arg_g0089/42243,13
apodo/n/per_g0347/23447,13
mote/n/col_b0154/56067,13
apodo/n/mex_g2476/54344,14
sobrenombre/n/per_g0092/48997,13
apodo/n/mex_b1613/50638,13
sobrenombre/n/mex_g0831/17950,13
apodo/n/spa_g2255/33189,13
apodo/n/per_b0894/53914,13
apodo/n/per_g0165/51357,13
apodo/n/usa_g1373/43888,13
mote/n/mex_g0453/49877,13
apodo/n/per_b0282/59711,0
mote/n/per_g0676/53040,13
apodo/n/mex_g0205/31090,13
apodo/n/usa_g0372/56992,12
mote/n/usa_b0984/45999,1
apodo/n/mex_g0205/31057,13
mote/n/spa_g2034/79104,13
apodo/n/usa_b0861/42391,12
apodo/n/col_b1485/50502,13
apodo/n/per_b0872/25999,13
sobrenombre/n/usa_g0906/3909,13
sobrenombre/n/mex_g0230/42916,13
sobrenombre/n/col_b0432/59523,13
mote/n/arg_b0493/30787,13
apodo/n/spa_b0095/28703,14
sobrenombre/n/spa_b3489/5157,13
apodo/n/arg_b1029/44118,0
apodo/n/per_b0881/9974,13
apodo/n/usa_b0573/11206,13
apodo/n/arg_b0394/6709,13
apodo/n/per_g0501/35495,13
mote/n/arg_g0512/46999,13
sobrenombre/n/arg_g0404/48893,13
mote/n/mex_b1588/41651,12
apodo/n/spa_g1112/59988,13
apodo/n/col_g0509/39372,13
apodo/n/col_b0066/21712,13
apodo/n/spa_g2329/2267,-1
apodo/n/usa_g0648/13298,13
apodo/n/mex_b0581/50901,0
sobrenombre/n/usa_g1610/22904,13
mote/n/arg_g0323/21789,13
sobrenombre/n/spa_g3857/107890,13
apodo/n/usa_g1099/34518,6
apodo/n/col_b0464/708,13
sobrenombre/n/mex_g1190/17785,13
mote/n/spa_g1174/38259,13
sobrenombre/n/arg_g1468/25996,0
apodo/n/arg_b0324/44440,13
sobrenombre/n/usa_b0071/48605,13
apodo/n/col_b0724/5988,12
apodo/n/col_b1554/57682,13
apodo/n/spa_b3405/35922,13
apodo/n/per_g0410/16339,13
apodo/n/usa_g0770/159933,9
mote/n/usa_b1553/28123,13
apodo/n/arg_b0649/41514,13
mote/n/spa_g1221/14755,13
apodo/n/spa_g1032/47325,13
apodo/n/usa_g1335/31288,13
mote/n/usa_g0604/354072,13
mote/n/per_g0873/57859,13
sobrenombre/n/mex_g0881/44476,13
apodo/n/per_g0502/45924,12
apodo/n/arg_b0915/4969,13
apodo/n/usa_g0740/16678,13
sobrenombre/n/arg_g1509/22004,13
apodo/n/spa_g2923/27567,3
apodo/n/per_g0080/6473,13
apodo/n/col_b1160/8074,13
apodo/n/arg_g0261/33188,13
sobrenombre/n/spa_b0734/5221,13
sobrenombre/n/usa_g0074/8797,13
apodo/n/mex_b1489/22516,13
mote/n/per_b0880/52030,13
apodo/n/arg_g0261/33141,6
apodo/n/col_b0259/21544,13
apodo/n/per_b0678/11929,5
sobrenombre/n/spa_b4168/29581,13
apodo/n/mex_b0087/51747,13
mote/n/arg_b1226/27015,13
sobrenombre/n/arg_b0487/12019,13
apodo/n/per_g0852/8669,13
apodo/n/mex_b0630/34763,13
apodo/n/mex_b1784/55802,13
sobrenombre/n/usa_b0994/300,13
apodo/n/col_g1542/43844,13
apodo/n/mex_b0966/16194,13
mote/n/usa_g0883/36605,13
mote/n/mex_g2465/50505,6
mote/n/arg_b0313/57238,13
apodo/n/usa_g0567/44374,13
mote/n/mex_g0875/44757,13
apodo/n/mex_b0179/12828,13
apodo/n/col_b0459/15937,13
mote/n/spa_b2728/2497,0
mote/n/arg_b0249/162,13
apodo/n/mex_g2062/49899,13
apodo/n/per_g0135/41967,13
sobrenombre/n/spa_g2255/33201,13
mote/n/usa_b0725/49370,3
mote/n/spa_b2286/49069,13
apodo/n/per_b0859/5581,4
apodo/n/per_b0763/36208,13
apodo/n/per_g0138/23905,13
apodo/n/spa_b2597/58230,13
sobrenombre/n/mex_g1632/5703,13
apodo/n/usa_g0745/539,13
apodo/n/arg_b0256/13986,13
mote/n/col_b0333/25152,13
apodo/n/per_g0503/18042,13
apodo/n/arg_g1046/24580,13
mote/n/mex_b0614/27038,13
sobrenombre/n/arg_b0004/25859,13
apodo/n/arg_b1068/41927,13
mote/n/per_g0504/37215,13
mote/n/spa_b1117/26598,13
apodo/n/spa_b1620/50747,2
apodo/n/col_b0970/30398,2
apodo/n/per_g0356/3518,13
remoquete/n/col_b0788/27420,13
sobrenombre/n/mex_g0402/57537,13
sobrenombre/n/mex_g1861/49482,13
apodo/n/spa_g0377/25551,3
sobrenombre/n/per_b0460/41958,13
apodo/n/usa_b0453/5199,13
apodo/n/per_b0165/51070,4
apodo/n/per_g0356/24961,11
mote/n/per_g0859/31342,13
apodo/n/mex_b1489/23328,13
apodo/n/spa_g0531/18678,13
apodo/n/per_b0489/15802,13
apodo/n/per_b0117/8951,13
sobrenombre/n/arg_b1205/48423,13
apodo/n/mex_g1137/28659,8
sobrenombre/n/per_g0264/17793,13
apodo/n/usa_b0847/52565,13
apodo/n/mex_b2165/2768,13
apodo/n/per_g0285/34205,13
apodo/n/per_g0103/31918,14
apodo/n/usa_g0236/55748,0
mote/n/mex_b1658/33355,1
apodo/n/mex_b1489/22304,6
apodo/n/mex_g1263/29068,13
apodo/n/mex_b1489/22293,13
mote/n/col_b0103/34097,13
apodo/n/usa_g0074/11649,13
sobrenombre/n/per_b0750/10144,13
apodo/n/per_g0346/27424,13
apodo/n/spa_b2973/4709,3
apodo/n/usa_b1245/14318,9
mote/n/arg_b0870/17874,13
mote/n/col_b1393/17658,13
sobrenombre/n/mex_b0787/50648,13
sobrenombre/n/usa_g0757/26118,13
mote/n/arg_g0576/28054,13
sobrenombre/n/per_g0797/31125,13
sobrenombre/n/per_g0103/11157,13
apodo/n/mex_b1407/8627,13
sobrenombre/n/spa_b0391/36928,13
apodo/n/arg_g0450/58735,13
apodo/n/per_b1059/53674,13
apodo/n/mex_b2122/5492,13
sobrenombre/n/usa_g0031/38664,13
mote/n/per_g0390/18302,13
apodo/n/arg_b0570/16381,13
apodo/n/col_g1563/4840,13
apodo/n/arg_b0522/11495,13
mote/n/arg_b0623/12510,13
apodo/n/spa_g1165/51665,13
apodo/n/per_b0229/56817,13
mote/n/mex_g0544/23488,13
apodo/n/arg_b0119/49495,13
apodo/n/mex_b0451/46243,13
apodo/n/usa_g0770/158541,9
apodo/n/per_g0187/2673,13
sobrenombre/n/spa_g3476/36769,13
apodo/n/arg_g0535/20839,13
apodo/n/arg_g0379/23027,13
sobrenombre/n/usa_g1610/48608,13
apodo/n/usa_b0873/57496,13
sobrenombre/n/usa_b1423/55134,14
apodo/n/mex_g2476/20404,13
apodo/n/col_b0833/10327,13
apodo/n/per_b0574/25030,4
sobrenombre/n/mex_b0069/18132,13
apodo/n/per_g0314/29257,13
mote/n/usa_g0554/52096,13
apodo/n/mex_g0086/37883,13
mote/n/col_b0154/55146,13
sobrenombre/n/mex_g1018/51114,13
apodo/n/col_b1485/50644,13
apodo/n/spa_b1670/13024,13
sobrenombre/n/arg_g0850/30483,13
sobrenombre/n/mex_b1996/31792,13
apodo/n/col_b1158/15205,13
apodo/n/mex_b1809/56035,13
apodo/n/arg_b1292/15963,8
apodo/n/spa_g2126/37063,9
sobrenombre/n/mex_b1867/41499,13
apodo/n/usa_g0091/54467,7
apodo/n/usa_b0582/22808,13
sobrenombre/n/spa_g3617/5073,13
apodo/n/usa_g0491/45935,14
mote/n/arg_b0539/41997,13
mote/n/usa_b0706/21487,13
apodo/n/mex_b0084/2105,13
mote/n/arg_b1458/5376,13
sobrenombre/n/arg_g1357/23230,13
apodo/n/per_b0310/3169,13
sobrenombre/n/usa_b0984/32311,13
apodo/n/per_g0457/3363,13
apodo/n/col_g0272/39568,13
mote/n/col_g0599/46894,13
apodo/n/spa_g2298/29426,13
sobrenombre/n/mex_b0382/38878,13
apodo/n/per_g0280/6756,13
sobrenombre/n/arg_b1341/42426,13
apodo/n/usa_g1148/51539,10
apodo/n/col_g0046/17237,13
apodo/n/arg_g0382/27712,13
mote/n/arg_b1158/52773,13
sobrenombre/n/usa_b0007/5915,13
apodo/n/usa_b1268/58551,13
sobrenombre/n/spa_g0605/30701,13
sobrenombre/n/mex_g1643/4722,13
sobrenombre/n/col_g0509/39952,13
sobrenombre/n/arg_b0400/24257,2
apodo/n/col_b0698/56223,13
apodo/n/per_g0101/8617,-1
apodo/n/spa_g2884/13444,9
apodo/n/per_b0474/39894,13
apodo/n/spa_g2298/28108,2
sobrenombre/n/mex_b1043/58702,13
apodo/n/col_g0361/50233,8
mote/n/spa_g2676/49194,13
apodo/n/mex_g1528/54007,13
sobrenombre/n/col_b0860/8611,13
apodo/n/usa_b1027/41923,13
sobrenombre/n/per_b1125/31756,13
apodo/n/col_b0863/34206,8
apodo/n/per_g0690/41819,13
apodo/n/mex_b1894/22941,8
apodo/n/mex_g1861/22545,10
sobrenombre/n/mex_b0257/28184,13
apodo/n/spa_b3070/4575,13
sobrenombre/n/arg_b0043/18229,13
sobrenombre/n/arg_b1205/38679,13
apodo/n/mex_b1243/12161,13
apodo/n/arg_b0373/56465,13
apodo/n/per_g0381/21746,13
apodo/n/per_b0786/52615,4
apodo/n/per_g0165/33124,13
sobrenombre/n/mex_b0060/51631,13
mote/n/mex_b0718/51729,13
mote/n/mex_b0563/14735,13
apodo/n/arg_b0682/18071,13
apodo/n/per_b0146/33655,13
apodo/n/col_g0314/15010,8
apodo/n/col_b0421/38965,13
apodo/n/usa_b1195/47314,14
apodo/n/mex_b1124/20558,2
apodo/n/col_b0397/30522,10
sobrenombre/n/col_g0269/2349,2
mote/n/arg_g1656/51924,13
apodo/n/mex_g1351/20327,13
apodo/n/per_g0486/49902,13
mote/n/spa_b3808/36763,13
sobrenombre/n/usa_b1099/14276,2
mote/n/per_g0390/18323,13
apodo/n/usa_b1195/47178,13
mote/n/per_g0504/37095,13
sobrenombre/n/mex_g1552/56547,13
apodo/n/arg_g1277/37627,13
apodo/n/mex_b1489/22626,13
apodo/n/arg_b1112/7599,13
apodo/n/col_g1152/27931,2
apodo/n/per_b0278/16116,13
apodo/n/arg_g1755/7745,13
mote/n/per_b1174/5602,13
sobrenombre/n/per_g0308/7116,13
apodo/n/usa_g1148/4133,8
apodo/n/mex_g1132/51478,13
apodo/n/spa_g2184/47035,13
sobrenombre/n/spa_g1165/15298,13
apodo/n/spa_g1639/4167,13
sobrenombre/n/col_g1048/8711,13
apodo/n/mex_g0255/42786,13
sobrenombre/n/arg_g1776/54788,13
